Station;Area;ICUL;Suborder;Family;Genus;Species;MorphoSpecies;#ind;Gear;Sampleunit1;Sampleunit2;Lat_start;Lat_end;Long_start;Long_end;depth_start;depth_end;Current velocity;Current direction;Salinity;Silicate;Phosphate;pH;Dissolved oxygen;Nitrate;Iron;Temperature;Lat_start_dec;Lat_end_dec;Long_start_dec;Long_end_dec
1_10;Bering Sea;ICUL13620;Tanaidomorpha;Cryptocopidae;Cryptocopoides;;sp. 1;1;EBS;Supra;300 µm;54° 31,419' N;54° 32,495' N;172° 36,594' W;172° 32,014' W;3517;3504;0.01239;218.06752;34.66093;272.29665;3.16769;7.61195;81.75994;39.29917;0.00073;1.29421;54.0087275;54.00902639;-172.010165;-172.0088928
1_10;Bering Sea;ICUL13613;Tanaidomorpha;Colletteidae;Leptognathiella;;sp. 3;9;EBS;Supra;300 µm;54° 31,419' N;54° 32,495' N;172° 36,594' W;172° 32,014' W;3517;3504;0.01239;218.06752;34.66093;272.29665;3.16769;7.61195;81.75994;39.29917;0.00073;1.29421;54.0087275;54.00902639;-172.010165;-172.0088928
1_10;Bering Sea;ICUL13618;Tanaidomorpha;Colletteidae;Leptognathiella;;sp. 1;3;EBS;Supra;300 µm;54° 31,419' N;54° 32,495' N;172° 36,594' W;172° 32,014' W;3517;3504;0.01239;218.06752;34.66093;272.29665;3.16769;7.61195;81.75994;39.29917;0.00073;1.29421;54.0087275;54.00902639;-172.010165;-172.0088928
1_10;Bering Sea;ICUL13619;Tanaidomorpha;Colletteidae;Leptognathiopsis ;;sp. 1;1;EBS;Supra;300 µm;54° 31,419' N;54° 32,495' N;172° 36,594' W;172° 32,014' W;3517;3504;0.01239;218.06752;34.66093;272.29665;3.16769;7.61195;81.75994;39.29917;0.00073;1.29421;54.0087275;54.00902639;-172.010165;-172.0088928
1_10;Bering Sea;ICUL13616;Tanaidomorpha;Akanthophoreidae;Chauliopleona;;sp. 1;1;EBS;Supra;300 µm;54° 31,419' N;54° 32,495' N;172° 36,594' W;172° 32,014' W;3517;3504;0.01239;218.06752;34.66093;272.29665;3.16769;7.61195;81.75994;39.29917;0.00073;1.29421;54.0087275;54.00902639;-172.010165;-172.0088928
1_10;Bering Sea;ICUL13617;Tanaidomorpha;Agathotanaidae;stet.;;sp. 1;1;EBS;Supra;300 µm;54° 31,419' N;54° 32,495' N;172° 36,594' W;172° 32,014' W;3517;3504;0.01239;218.06752;34.66093;272.29665;3.16769;7.61195;81.75994;39.29917;0.00073;1.29421;54.0087275;54.00902639;-172.010165;-172.0088928
1_10;Bering Sea;ICUL16604;Tanaidomorpha;Colletteidae;Leptognathiopsis ;;sp. 1;1;EBS;Supra;300 µm;54° 31,419' N;54° 32,495' N;172° 36,594' W;172° 32,014' W;3517;3504;0.01239;218.06752;34.66093;272.29665;3.16769;7.61195;81.75994;39.29917;0.00073;1.29421;54.0087275;54.00902639;-172.010165;-172.0088928
1_4;Bering Sea;ICUL13592;Tanaidomorpha;Tanaellidae;Araphura;;sp. 1;2;EBS;Supra;300 µm;54° 32,004' N;54° 31,293' N;172° 33,043' W;172° 38,046' W;3504;3524;0.01239;218.06752;34.66093;272.29665;3.16769;7.61195;81.75994;39.29917;0.00073;1.29421;54.00889;54.0086925;-172.0091786;-172.0105683
1_4;Bering Sea;ICUL13604;Tanaidomorpha;Tanaellidae;Araphura;;sp. 1;1;EBS;Supra;300 µm;54° 32,004' N;54° 31,293' N;172° 33,043' W;172° 38,046' W;3504;3524;0.01239;218.06752;34.66093;272.29665;3.16769;7.61195;81.75994;39.29917;0.00073;1.29421;54.00889;54.0086925;-172.0091786;-172.0105683
1_4;Bering Sea;ICUL12925;Tanaidomorpha;Akanthophoreidae;Chauliopleona;;sp. 1;1;EBS;Supra;300 µm;54° 32,004' N;54° 31,293' N;172° 33,043' W;172° 38,046' W;3504;3524;0.01239;218.06752;34.66093;272.29665;3.16769;7.61195;81.75994;39.29917;0.00073;1.29421;54.00889;54.0086925;-172.0091786;-172.0105683
1_4;Bering Sea;ICUL13596;Tanaidomorpha;Cryptocopidae;Cryptocopoides;;sp. 1;1;EBS;Supra;300 µm;54° 32,004' N;54° 31,293' N;172° 33,043' W;172° 38,046' W;3504;3524;0.01239;218.06752;34.66093;272.29665;3.16769;7.61195;81.75994;39.29917;0.00073;1.29421;54.00889;54.0086925;-172.0091786;-172.0105683
1_4;Bering Sea;ICUL13593;Tanaidomorpha;Cryptocopidae;Cryptocopoides;;sp. 1;1;EBS;Supra;300 µm;54° 32,004' N;54° 31,293' N;172° 33,043' W;172° 38,046' W;3504;3524;0.01239;218.06752;34.66093;272.29665;3.16769;7.61195;81.75994;39.29917;0.00073;1.29421;54.00889;54.0086925;-172.0091786;-172.0105683
1_4;Bering Sea;ICUL13605;Tanaidomorpha;Cryptocopidae;Cryptocopoides;;sp. 1;1;EBS;Supra;300 µm;54° 32,004' N;54° 31,293' N;172° 33,043' W;172° 38,046' W;3504;3524;0.01239;218.06752;34.66093;272.29665;3.16769;7.61195;81.75994;39.29917;0.00073;1.29421;54.00889;54.0086925;-172.0091786;-172.0105683
1_4;Bering Sea;ICUL13634;Tanaidomorpha;Leptognathiidae;Leptognathia;;sp. 1;1;EBS;Epi;300 µm;54° 32,004' N;54° 31,293' N;172° 33,043' W;172° 38,046' W;3504;3524;0.01239;218.06752;34.66093;272.29665;3.16769;7.61195;81.75994;39.29917;0.00073;1.29421;54.00889;54.0086925;-172.0091786;-172.0105683
1_4;Bering Sea;ICUL13597;Tanaidomorpha;Leptognathiidae;Leptognathia;;sp. 1;2;EBS;Supra;300 µm;54° 32,004' N;54° 31,293' N;172° 33,043' W;172° 38,046' W;3504;3524;0.01239;218.06752;34.66093;272.29665;3.16769;7.61195;81.75994;39.29917;0.00073;1.29421;54.00889;54.0086925;-172.0091786;-172.0105683
1_4;Bering Sea;ICUL13600;Tanaidomorpha;Leptognathiidae;Leptognathia;;sp. 1;4;EBS;Supra;300 µm;54° 32,004' N;54° 31,293' N;172° 33,043' W;172° 38,046' W;3504;3524;0.01239;218.06752;34.66093;272.29665;3.16769;7.61195;81.75994;39.29917;0.00073;1.29421;54.00889;54.0086925;-172.0091786;-172.0105683
1_4;Bering Sea;ICUL13602;Tanaidomorpha;Leptognathiidae;Leptognathia ;;sp. 1;1;EBS;Supra;300 µm;54° 32,004' N;54° 31,293' N;172° 33,043' W;172° 38,046' W;3504;3524;0.01239;218.06752;34.66093;272.29665;3.16769;7.61195;81.75994;39.29917;0.00073;1.29421;54.00889;54.0086925;-172.0091786;-172.0105683
1_4;Bering Sea;ICUL13633;Tanaidomorpha;Colletteidae;Leptognathiella;;sp. 2;1;EBS;Epi;300 µm;54° 32,004' N;54° 31,293' N;172° 33,043' W;172° 38,046' W;3504;3524;0.01239;218.06752;34.66093;272.29665;3.16769;7.61195;81.75994;39.29917;0.00073;1.29421;54.00889;54.0086925;-172.0091786;-172.0105683
1_4;Bering Sea;ICUL13590;Tanaidomorpha;Colletteidae;Leptognathiella;;sp. 1;4;EBS;Supra;300 µm;54° 32,004' N;54° 31,293' N;172° 33,043' W;172° 38,046' W;3504;3524;0.01239;218.06752;34.66093;272.29665;3.16769;7.61195;81.75994;39.29917;0.00073;1.29421;54.00889;54.0086925;-172.0091786;-172.0105683
1_4;Bering Sea;ICUL13603;Apseudomorpha;Apseudidae;Leviapseudes;;sp. 1;1;EBS;Supra;Livesorting;54° 32,004' N;54° 31,293' N;172° 33,043' W;172° 38,046' W;3504;3524;0.01239;218.06752;34.66093;272.29665;3.16769;7.61195;81.75994;39.29917;0.00073;1.29421;54.00889;54.0086925;-172.0091786;-172.0105683
1_4;Bering Sea;ICUL13632;Tanaidomorpha;Agathotanaidae;Paranarthrura;;sp. 1;1;EBS;Supra;300 µm;54° 32,004' N;54° 31,293' N;172° 33,043' W;172° 38,046' W;3504;3524;0.01239;218.06752;34.66093;272.29665;3.16769;7.61195;81.75994;39.29917;0.00073;1.29421;54.00889;54.0086925;-172.0091786;-172.0105683
1_4;Bering Sea;ICUL13598;Tanaidomorpha;Agathotanaidae;Paranarthrura;;sp. 1;1;EBS;Supra;300 µm;54° 32,004' N;54° 31,293' N;172° 33,043' W;172° 38,046' W;3504;3524;0.01239;218.06752;34.66093;272.29665;3.16769;7.61195;81.75994;39.29917;0.00073;1.29421;54.00889;54.0086925;-172.0091786;-172.0105683
1_4;Bering Sea;ICUL13594;Tanaidomorpha;Colletteidae;Leptognathiella;;sp. 3;1;EBS;Supra;300 µm;54° 32,004' N;54° 31,293' N;172° 33,043' W;172° 38,046' W;3504;3524;0.01239;218.06752;34.66093;272.29665;3.16769;7.61195;81.75994;39.29917;0.00073;1.29421;54.00889;54.0086925;-172.0091786;-172.0105683
1_4;Bering Sea;ICUL16088;Tanaidomorpha;Agathotanaidae;stet.;;sp. 1;1;EBS;;;54° 32,004' N;54° 31,293' N;172° 33,043' W;172° 38,046' W;3504;3524;0.01239;218.06752;34.66093;272.29665;3.16769;7.61195;81.75994;39.29917;0.00073;1.29421;54.00889;54.0086925;-172.0091786;-172.0105683
1_4;Bering Sea;ICUL16087;Tanaidomorpha;Colletteidae;Subullela;;sp. 1;2;EBS;;;54° 32,004' N;54° 31,293' N;172° 33,043' W;172° 38,046' W;3504;3524;0.01239;218.06752;34.66093;272.29665;3.16769;7.61195;81.75994;39.29917;0.00073;1.29421;54.00889;54.0086925;-172.0091786;-172.0105683
1_4;Bering Sea;ICUL16086;Tanaidomorpha;Colletteidae;Subullela;;sp. 1;1;EBS;;;54° 32,004' N;54° 31,293' N;172° 33,043' W;172° 38,046' W;3504;3524;0.01239;218.06752;34.66093;272.29665;3.16769;7.61195;81.75994;39.29917;0.00073;1.29421;54.00889;54.0086925;-172.0091786;-172.0105683
1_6;Bering Sea;ICUL16619;Tanaidomorpha;Colletteidae;Leptognathiella;;sp. 1;1;BC;;;54° 33.212' N;54° 33.212' N;172° 34.965' W;172° 34.965' W;3514;;0.01239;218.06752;34.66093;272.29665;3.16769;7.61195;81.75994;39.29917;0.00073;1.29421;54.00922556;54.00922556;-172.0097125;-172.0097125
1_6;Bering Sea;ICUL16656;Tanaidomorpha;Leptognathiidae;Leptognathia;;sp. 1;1;BC;;;54° 33.212' N;54° 33.212' N;172° 34.965' W;172° 34.965' W;3514;;0.01239;218.06752;34.66093;272.29665;3.16769;7.61195;81.75994;39.29917;0.00073;1.29421;54.00922556;54.00922556;-172.0097125;-172.0097125
1_6;Bering Sea;ICUL16618;Tanaidomorpha;Colletteidae;Leptognathiella;;sp. 3;1;BC;;;54° 33.212' N;54° 33.212' N;172° 34.965' W;172° 34.965' W;3514;;0.01239;218.06752;34.66093;272.29665;3.16769;7.61195;81.75994;39.29917;0.00073;1.29421;54.00922556;54.00922556;-172.0097125;-172.0097125
1_6;Bering Sea;ICUL16660;Tanaidomorpha;Colletteidae;Leptognathiopsis;;sp. 2;4;BC;;;54° 33.212' N;54° 33.212' N;172° 34.965' W;172° 34.965' W;3514;;0.01239;218.06752;34.66093;272.29665;3.16769;7.61195;81.75994;39.29917;0.00073;1.29421;54.00922556;54.00922556;-172.0097125;-172.0097125
1_6;Bering Sea;ICUL16809;Tanaidomorpha;Leptognathiidae;Leptognathia;;sp. 1;2;BC;;;54° 33.212' N;54° 33.212' N;172° 34.965' W;172° 34.965' W;3514;;0.01239;218.06752;34.66093;272.29665;3.16769;7.61195;81.75994;39.29917;0.00073;1.29421;54.00922556;54.00922556;-172.0097125;-172.0097125
1_6;Bering Sea;ICUL16659;Tanaidomorpha;Leptognathiidae;Leptognathia;;sp. 1;1;BC;;;54° 33.212' N;54° 33.212' N;172° 34.965' W;172° 34.965' W;3514;;0.01239;218.06752;34.66093;272.29665;3.16769;7.61195;81.75994;39.29917;0.00073;1.29421;54.00922556;54.00922556;-172.0097125;-172.0097125
1_6;Bering Sea;ICUL16624; Tanaidomorpha;Colletteidae;Haplocope;;sp. 2;2;BC;;;54° 33.212' N;54° 33.212' N;172° 34.965' W;172° 34.965' W;3514;;0.01239;218.06752;34.66093;272.29665;3.16769;7.61195;81.75994;39.29917;0.00073;1.29421;54.00922556;54.00922556;-172.0097125;-172.0097125
1_6;Bering Sea;ICUL16709; Tanaidomorpha;Colletteidae;Leptognathiella;;sp. 3;1;BC;;;54° 33.212' N;54° 33.212' N;172° 34.965' W;172° 34.965' W;3514;;0.01239;218.06752;34.66093;272.29665;3.16769;7.61195;81.75994;39.29917;0.00073;1.29421;54.00922556;54.00922556;-172.0097125;-172.0097125
1_6;Bering Sea;ICUL13627; Tanaidomorpha;Colletteidae;Leptognathiella;;sp. 3;4;BC;0-2 cm;300 µm;54° 33,212' N;54° 33,212' N;172° 34,965' W;172° 34,965' W;3514;;0.01239;218.06752;34.66093;272.29665;3.16769;7.61195;81.75994;39.29917;0.00073;1.29421;54.00922556;54.00922556;-172.0097125;-172.0097125
1_6;Bering Sea;ICUL13607; Tanaidomorpha;Colletteidae;Leptognathiopsis ;;sp. 1;4;BC;0-2 cm;500 µm;54° 33,212' N;54° 33,212' N;172° 34,965' W;172° 34,965' W;3514;;0.01239;218.06752;34.66093;272.29665;3.16769;7.61195;81.75994;39.29917;0.00073;1.29421;54.00922556;54.00922556;-172.0097125;-172.0097125
1_6;Bering Sea;ICUL13626; Tanaidomorpha;Colletteidae;Leptognathiopsis ;;sp. 1;1;BC;0-2 cm;300 µm;54° 33,212' N;54° 33,212' N;172° 34,965' W;172° 34,965' W;3514;;0.01239;218.06752;34.66093;272.29665;3.16769;7.61195;81.75994;39.29917;0.00073;1.29421;54.00922556;54.00922556;-172.0097125;-172.0097125
1_6;Bering Sea;ICUL13624; Tanaidomorpha;Agathotanaidae;Paragathotanais;;sp. 1;1;BC;0-2 cm;300 µm;54° 33,212' N;54° 33,212' N;172° 34,965' W;172° 34,965' W;3514;;0.01239;218.06752;34.66093;272.29665;3.16769;7.61195;81.75994;39.29917;0.00073;1.29421;54.00922556;54.00922556;-172.0097125;-172.0097125
10_5;S Slope Aleutian Trench;ICUL16650; Tanaidomorpha;Agathotanaidae;Paranarthrura;;sp. 3;1;EBS;;;51° 42,140' N;51° 40,437' N;166° 29,812' W;166° 32,837' W;5150;5090;0.00514;74.56282;34.68637;162.68846;2.56022;7.70323;154.94496;36.81265;0.00061;1.05525;51.01170556;51.0112325;-166.0082811;-166.0091214
10_5;S Slope Aleutian Trench;ICUL16662; Tanaidomorpha;Agathotanaidae;Paranarthrura;;sp. 1;4;EBS;;;51° 42,140' N;51° 40,437' N;166° 29,812' W;166° 32,837' W;5150;5090;0.00514;74.56282;34.68637;162.68846;2.56022;7.70323;154.94496;36.81265;0.00061;1.05525;51.01170556;51.0112325;-166.0082811;-166.0091214
10_5;S Slope Aleutian Trench;ICUL16669; Tanaidomorpha;Caudalongidae;Univeristatotanais;;sp. 1;1;EBS;;;51° 42,140' N;51° 40,437' N;166° 29,812' W;166° 32,837' W;5150;5090;0.00514;74.56282;34.68637;162.68846;2.56022;7.70323;154.94496;36.81265;0.00061;1.05525;51.01170556;51.0112325;-166.0082811;-166.0091214
10_5;S Slope Aleutian Trench;ICUL16797; Tanaidomorpha;Pseudotanaidae;Pseudotanais;;sp. 1;1;EBS;;;51° 42,140' N;51° 40,437' N;166° 29,812' W;166° 32,837' W;5150;5090;0.00514;74.56282;34.68637;162.68846;2.56022;7.70323;154.94496;36.81265;0.00061;1.05525;51.01170556;51.0112325;-166.0082811;-166.0091214
10_5;S Slope Aleutian Trench;ICUL16783;Tanaidomorpha;Agathotanaidae;Paragathotanais;;sp. 1;3;EBS;;;51° 42,140' N;51° 40,437' N;166° 29,812' W;166° 32,837' W;5150;5090;0.00514;74.56282;34.68637;162.68846;2.56022;7.70323;154.94496;36.81265;0.00061;1.05525;51.01170556;51.0112325;-166.0082811;-166.0091214
10_5;S Slope Aleutian Trench;ICUL16794;Tanaidomorpha;Typhlotanaidae;Typhlamia;;sp. 2;1;EBS;;;51° 42,140' N;51° 40,437' N;166° 29,812' W;166° 32,837' W;5150;5090;0.00514;74.56282;34.68637;162.68846;2.56022;7.70323;154.94496;36.81265;0.00061;1.05525;51.01170556;51.0112325;-166.0082811;-166.0091214
10_6;S Slope Aleutian Trench;ICUL17021; Tanaidomorpha;Colletteidae;Collettea;;sp. 2;1;BC;;;51° 40.563' N;;166° 33.014' W;;5096;;0.00514;74.56282;34.68637;162.68846;2.56022;7.70323;154.94496;36.81265;0.00061;1.05525;51.0112675;;-166.0091706;
10_6;S Slope Aleutian Trench;ICUL12999; Tanaidomorpha;Colletteidae;Haplocope;;sp. 1;1;BC;0-2 cm;500 µm;51° 40,563' N;;166° 33,014' W;;5096;;0.00514;74.56282;34.68637;162.68846;2.56022;7.70323;154.94496;36.81265;0.00061;1.05525;51.0112675;;-166.0091706;
10_6;S Slope Aleutian Trench;ICUL12998; Tanaidomorpha;Pseudotanaidae;Pseudotanais;;sp. 1;1;BC;0-2 cm;500 µm;51° 40,563' N;;166° 33,014' W;;5096;;0.00514;74.56282;34.68637;162.68846;2.56022;7.70323;154.94496;36.81265;0.00061;1.05525;51.0112675;;-166.0091706;
10_9;S Slope Aleutian Trench;ICUL12993;Tanaidomorpha;Typhlotanaidae;Paratyphlotanais;;sp. 1;1;EBS;Supra;300 µm;51° 41,711' N;51° 39,773' N;166° 28,024' W;166° 31,293' W;5170;5100;0.00514;74.56282;34.68637;162.68846;2.56022;7.70323;154.94496;36.81265;0.00061;1.05525;51.01158639;51.01104806;-166.0077844;-166.0086925
10_9;S Slope Aleutian Trench;ICUL16625;Tanaidomorpha;Cryptocopidae;Cryptocopoides;;sp. 1;1;EBS;;;51° 41,711' N;51° 39,773' N;166° 28,024' W;166° 31,293' W;5170;5100;0.00514;74.56282;34.68637;162.68846;2.56022;7.70323;154.94496;36.81265;0.00061;1.05525;51.01158639;51.01104806;-166.0077844;-166.0086925
10_9;S Slope Aleutian Trench;ICUL16683;Tanaidomorpha;Pseudotanaidae;Pseudotanais;;sp. 1;3;EBS;;;51° 41,711' N;51° 39,773' N;166° 28,024' W;166° 31,293' W;5170;5100;0.00514;74.56282;34.68637;162.68846;2.56022;7.70323;154.94496;36.81265;0.00061;1.05525;51.01158639;51.01104806;-166.0077844;-166.0086925
10_9;S Slope Aleutian Trench;ICUL16639;Tanaidomorpha;Colletteidae;Leptognathiella;;sp. 6;1;EBS;;;51° 41,711' N;51° 39,773' N;166° 28,024' W;166° 31,293' W;5170;5100;0.00514;74.56282;34.68637;162.68846;2.56022;7.70323;154.94496;36.81265;0.00061;1.05525;51.01158639;51.01104806;-166.0077844;-166.0086925
10_9;S Slope Aleutian Trench;ICUL16684;Tanaidomorpha;Agathotanaidae;Paranarthrura;;sp. 1;1;EBS;;;51° 41,711' N;51° 39,773' N;166° 28,024' W;166° 31,293' W;5170;5100;0.00514;74.56282;34.68637;162.68846;2.56022;7.70323;154.94496;36.81265;0.00061;1.05525;51.01158639;51.01104806;-166.0077844;-166.0086925
10_9;S Slope Aleutian Trench;ICUL13030;Apseudomorpha;Apseudidae;Fageapseudes;;sp. 1;1;EBS;Supra;Livesorting;51° 41,711' N;51° 39,773' N;166° 28,024' W;166° 31,293' W;5170;5100;0.00514;74.56282;34.68637;162.68846;2.56022;7.70323;154.94496;36.81265;0.00061;1.05525;51.01158639;51.01104806;-166.0077844;-166.0086925
10_9;S Slope Aleutian Trench;ICUL13000;Apseudomorpha;Apseudidae;Fageapseudes;;sp. 2;1;EBS;Supra;300 µm;51° 41,711' N;51° 39,773' N;166° 28,024' W;166° 31,293' W;5170;5100;0.00514;74.56282;34.68637;162.68846;2.56022;7.70323;154.94496;36.81265;0.00061;1.05525;51.01158639;51.01104806;-166.0077844;-166.0086925
10_9;S Slope Aleutian Trench;ICUL12997;Tanaidomorpha;Agathotanaidae;stet.;;sp. 1;1;EBS;Supra;300 µm;51° 41,711' N;51° 39,773' N;166° 28,024' W;166° 31,293' W;5170;5100;0.00514;74.56282;34.68637;162.68846;2.56022;7.70323;154.94496;36.81265;0.00061;1.05525;51.01158639;51.01104806;-166.0077844;-166.0086925
10_9;S Slope Aleutian Trench;ICUL12994;Tanaidomorpha;Typhlotanaidae;Typhlamia;;sp. 2;4;EBS;Supra;300 µm;51° 41,711' N;51° 39,773' N;166° 28,024' W;166° 31,293' W;5170;5100;0.00514;74.56282;34.68637;162.68846;2.56022;7.70323;154.94496;36.81265;0.00061;1.05525;51.01158639;51.01104806;-166.0077844;-166.0086925
10_9;S Slope Aleutian Trench;ICUL12989;Tanaidomorpha;Colletteidae;Collettea;;sp. 2;3;EBS;Supra;300 µm;51° 41,711' N;51° 39,773' N;166° 28,024' W;166° 31,293' W;5170;5100;0.00514;74.56282;34.68637;162.68846;2.56022;7.70323;154.94496;36.81265;0.00061;1.05525;51.01158639;51.01104806;-166.0077844;-166.0086925
10_9;S Slope Aleutian Trench;ICUL12992;Tanaidomorpha;Cryptocopidae;Cryptocopoides;;sp. 1;1;EBS;Supra;300 µm;51° 41,711' N;51° 39,773' N;166° 28,024' W;166° 31,293' W;5170;5100;0.00514;74.56282;34.68637;162.68846;2.56022;7.70323;154.94496;36.81265;0.00061;1.05525;51.01158639;51.01104806;-166.0077844;-166.0086925
10_9;S Slope Aleutian Trench;ICUL12991;Tanaidomorpha;Paratanaoidea incertae sedis;Exspina;;sp. 1;1;EBS;Supra;300 µm;51° 41,711' N;51° 39,773' N;166° 28,024' W;166° 31,293' W;5170;5100;0.00514;74.56282;34.68637;162.68846;2.56022;7.70323;154.94496;36.81265;0.00061;1.05525;51.01158639;51.01104806;-166.0077844;-166.0086925
10_9;S Slope Aleutian Trench;ICUL15897;Tanaidomorpha;Pseudotanaidae;Pseudotanais;;sp. 1;1;EBS;Supra;300 µm;51° 41,711' N;51° 39,773' N;166° 28,024' W;166° 31,293' W;5170;5100;0.00514;74.56282;34.68637;162.68846;2.56022;7.70323;154.94496;36.81265;0.00061;1.05525;51.01158639;51.01104806;-166.0077844;-166.0086925
10_9;S Slope Aleutian Trench;ICUL15896;Tanaidomorpha;Pseudotanaidae;Pseudotanais;;sp. 5;1;EBS;Supra;300 µm;51° 41,711' N;51° 39,773' N;166° 28,024' W;166° 31,293' W;5170;5100;0.00514;74.56282;34.68637;162.68846;2.56022;7.70323;154.94496;36.81265;0.00061;1.05525;51.01158639;51.01104806;-166.0077844;-166.0086925
10_9;S Slope Aleutian Trench;ICUL12995;Tanaidomorpha;Typhlotanaidae;Typhlotanais;plebejus;sp. 1;2;EBS;Supra;300 µm;51° 41,711' N;51° 39,773' N;166° 28,024' W;166° 31,293' W;5170;5100;0.00514;74.56282;34.68637;162.68846;2.56022;7.70323;154.94496;36.81265;0.00061;1.05525;51.01158639;51.01104806;-166.0077844;-166.0086925
11_3;Hadal;ICUL17018;Tanaidomorpha;Colletteidae;Collettea;;sp. 2;1;BC;;;52° 38.992' N;;164° 29.016' W;;7033;;0.00886;70.76851;34.68709;162.52693;2.55789;7.67450;155.11593;36.79193;0.00061;1.04493;52.01083111;;-164.00806;
11_3;Hadal;ICUL16633;Tanaidomorpha;Agathotanaidae;Paragathotanais;;sp. 1;1;BC;;;52° 38.992' N;;164° 29.016' W;;7033;;0.00886;70.76851;34.68709;162.52693;2.55789;7.67450;155.11593;36.79193;0.00061;1.04493;52.01083111;;-164.00806;
11_5;Hadal;ICUL13002;Tanaidomorpha;Anarthruridae;stet.;;sp. 1;1;EBS;Supra;Livesorting;52° 37,479' N;52° 38,715' N;164° 24,842' W;164° 30,733' W;6785;7030;0.00886;70.76851;34.68709;162.52693;2.55789;7.67450;155.11593;36.79193;0.00061;1.04493;52.01041083;52.01075417;-164.0069006;-164.0085369
11_5;Hadal;ICUL13004;Tanaidomorpha;Anarthruridae;stet.;;sp. 1;2;EBS;Epi;300 µm;52° 37,479' N;52° 38,715' N;164° 24,842' W;164° 30,733' W;6785;7030;0.00886;70.76851;34.68709;162.52693;2.55789;7.67450;155.11593;36.79193;0.00061;1.04493;52.01041083;52.01075417;-164.0069006;-164.0085369
11_5;Hadal;ICUL13005;Tanaidomorpha;Anarthruridae;stet.;;sp. 1;1;EBS;Supra;300 µm;52° 37,479' N;52° 38,715' N;164° 24,842' W;164° 30,733' W;6785;7030;0.00886;70.76851;34.68709;162.52693;2.55789;7.67450;155.11593;36.79193;0.00061;1.04493;52.01041083;52.01075417;-164.0069006;-164.0085369
12_5;"N Slope Aleutian Trench

";ICUL16693;Tanaidomorpha;Typhlotanaidae;Starkus;;sp. 2 ;1;EBS;;;53° 34,165' N;53° 36,101' N;162° 08,395' W;162° 10,755' W;4240;4305;0.00662;251.89631;34.68013;161.15934;2.59259;7.73507;151.44540;37.20726;0.00060;1.11170;53.00949028;53.01002806;-162.0023319;-162.0029875
12_5;"N Slope Aleutian Trench

";ICUL16692;Tanaidomorpha;Pseudotanaidae;Pseudotanais;;sp. 1;4;EBS;;;53° 34,165' N;53° 36,101' N;162° 08,395' W;162° 10,755' W;4240;4305;0.00662;251.89631;34.68013;161.15934;2.59259;7.73507;151.44540;37.20726;0.00060;1.11170;53.00949028;53.01002806;-162.0023319;-162.0029875
12_5;"N Slope Aleutian Trench

";ICUL13890;Tanaidomorpha;Leptognathiidae;Forcipatia;;sp. 1;1;EBS;Epi;300 µm;53° 34,165' N;53° 36,101' N;162° 08,395' W;162° 10,755' W;4240;4305;0.00662;251.89631;34.68013;161.15934;2.59259;7.73507;151.44540;37.20726;0.00060;1.11170;53.00949028;53.01002806;-162.0023319;-162.0029875
12_5;"N Slope Aleutian Trench

";ICUL13896;Tanaidomorpha;Leptognathiidae;Forcipatia;;sp. 1;1;EBS;Supra;300 µm;53° 34,165' N;53° 36,101' N;162° 08,395' W;162° 10,755' W;4240;4305;0.00662;251.89631;34.68013;161.15934;2.59259;7.73507;151.44540;37.20726;0.00060;1.11170;53.00949028;53.01002806;-162.0023319;-162.0029875
12_5;"N Slope Aleutian Trench

";ICUL13025;Tanaidomorpha;Agathotanaidae;Paragathotanais;;sp. 2;2;EBS;Epi;300 µm;53° 34,165' N;53° 36,101' N;162° 08,395' W;162° 10,755' W;4240;4305;0.00662;251.89631;34.68013;161.15934;2.59259;7.73507;151.44540;37.20726;0.00060;1.11170;53.00949028;53.01002806;-162.0023319;-162.0029875
12_5;"N Slope Aleutian Trench

";ICUL13024;Tanaidomorpha;Agathotanaidae;Paranarthrura ;;sp. 1;3;EBS;Epi;300 µm;53° 34,165' N;53° 36,101' N;162° 08,395' W;162° 10,755' W;4240;4305;0.00662;251.89631;34.68013;161.15934;2.59259;7.73507;151.44540;37.20726;0.00060;1.11170;53.00949028;53.01002806;-162.0023319;-162.0029875
12_5;"N Slope Aleutian Trench

";ICUL13015;Tanaidomorpha;Typhlotanaidae;Starkus;;sp. 2;1;EBS;Supra;Livesorting;53° 34,165' N;53° 36,101' N;162° 08,395' W;162° 10,755' W;4240;4305;0.00662;251.89631;34.68013;161.15934;2.59259;7.73507;151.44540;37.20726;0.00060;1.11170;53.00949028;53.01002806;-162.0023319;-162.0029875
12_5;"N Slope Aleutian Trench

";ICUL13891;Tanaidomorpha;Typhlotanaidae;Starkus;;sp. 2;1;EBS;Epi;300 µm;53° 34,165' N;53° 36,101' N;162° 08,395' W;162° 10,755' W;4240;4305;0.00662;251.89631;34.68013;161.15934;2.59259;7.73507;151.44540;37.20726;0.00060;1.11170;53.00949028;53.01002806;-162.0023319;-162.0029875
12_5;"N Slope Aleutian Trench

";ICUL13014;Tanaidomorpha;Pseudotanaidae;Pseudotanais;;sp. 5;1;EBS;Supra;Livesorting;53° 34,165' N;53° 36,101' N;162° 08,395' W;162° 10,755' W;4240;4305;0.00662;251.89631;34.68013;161.15934;2.59259;7.73507;151.44540;37.20726;0.00060;1.11170;53.00949028;53.01002806;-162.0023319;-162.0029875
12_5;"N Slope Aleutian Trench

";ICUL13029;Tanaidomorpha;Akanthophoreidae;Tumidochelia;;sp. 1;2;EBS;Epi;300 µm;53° 34,165' N;53° 36,101' N;162° 08,395' W;162° 10,755' W;4240;4305;0.00662;251.89631;34.68013;161.15934;2.59259;7.73507;151.44540;37.20726;0.00060;1.11170;53.00949028;53.01002806;-162.0023319;-162.0029875
12_5;"N Slope Aleutian Trench

";ICUL1692;Tanaidomorpha;Leptognathiidae;Forcipatia;;sp. 1;1;EBS;;;53° 34,165' N;53° 36,101' N;162° 08,395' W;162° 10,755' W;4240;4305;0.00662;251.89631;34.68013;161.15934;2.59259;7.73507;151.44540;37.20726;0.00060;1.11170;53.00949028;53.01002806;-162.0023319;-162.0029875
12_5;"N Slope Aleutian Trench

";ICUL13898;Tanaidomorpha;Typhlotanaidae;Typhlotanais;plicatus;sp. 2;1;EBS;Supra;300 µm;53° 34,165' N;53° 36,101' N;162° 08,395' W;162° 10,755' W;4240;4305;0.00662;251.89631;34.68013;161.15934;2.59259;7.73507;151.44540;37.20726;0.00060;1.11170;53.00949028;53.01002806;-162.0023319;-162.0029875
12_6;"N Slope Aleutian Trench

";ICUL13013;Tanaidomorpha;Akanthophoreidae;Tumidochelia;;sp. 1;1;EBS;;;53° 34,516' N;53° 36,752' N;162° 08,618' W;162° 11,318' W;4251;4321;0.00662;251.89631;34.68013;161.15934;2.59259;7.73507;151.44540;37.20726;0.00060;1.11170;53.00958778;53.01020889;-162.0023939;-162.0031439
12_6a;"N Slope Aleutian Trench

";ICUL16678;Tanaidomorpha;Pseudotanaidae;Pseudotanais;;sp. 1;1;BC;;;53° 36.016' N;;162° 10.665' W;;4305;;0.00662;251.89631;34.68013;161.15934;2.59259;7.73507;151.44540;37.20726;0.00060;1.11170;53.01000444;;-162.0029625;
12_6a;"N Slope Aleutian Trench

";ICUL16645;Tanaidomorpha;Agathotanaidae;Paranarthrura;;sp. 1;3;BC;;;53° 36.016' N;;162° 10.665' W;;4305;;0.00662;251.89631;34.68013;161.15934;2.59259;7.73507;151.44540;37.20726;0.00060;1.11170;53.01000444;;-162.0029625;
12_6a;"N Slope Aleutian Trench

";ICUL16647;Tanaidomorpha;Agathotanaidae;Paranarthrura;;sp. 1;1;BC;;;53° 36.016' N;;162° 10.665' W;;4305;;0.00662;251.89631;34.68013;161.15934;2.59259;7.73507;151.44540;37.20726;0.00060;1.11170;53.01000444;;-162.0029625;
12_6a;"N Slope Aleutian Trench

";ICUL16699;Tanaidomorpha;Pseudotanaidae;Pseudotanais;;sp. 6;1;BC;;;53° 36.016' N;;162° 10.665' W;;4305;;0.00662;251.89631;34.68013;161.15934;2.59259;7.73507;151.44540;37.20726;0.00060;1.11170;53.01000444;;-162.0029625;
12_6a;"N Slope Aleutian Trench

";ICUL16779;Tanaidomorpha;Akanthophoreidae;stet.;;sp. 1;1;BC;;;53° 36.016' N;;162° 10.665' W;;4305;;0.00662;251.89631;34.68013;161.15934;2.59259;7.73507;151.44540;37.20726;0.00060;1.11170;53.01000444;;-162.0029625;
12_6a;"N Slope Aleutian Trench

";ICUL16727; Tanaidomorpha;Akanthophoreidae;Paraleptognathia;;sp. 1;1;BC;;;53° 36.016' N;;162° 10.665' W;;4305;;0.00662;251.89631;34.68013;161.15934;2.59259;7.73507;151.44540;37.20726;0.00060;1.11170;53.01000444;;-162.0029625;
12_6a;"N Slope Aleutian Trench

";ICUL13017; Tanaidomorpha;Leptognathiidae;Forcipatia;;sp. 1;1;BC;0-2 cm;500 µm;53° 36,016' N;;162° 10,665' W;;4305;;0.00662;251.89631;34.68013;161.15934;2.59259;7.73507;151.44540;37.20726;0.00060;1.11170;53.01000444;;-162.0029625;
12_6a;"N Slope Aleutian Trench

";ICUL13016; Tanaidomorpha;Akanthophoreidae;Tumidochelia;;sp. 1;1;BC;0-2 cm;300 µm;53° 36,016' N;;162° 10,665' W;;4305;;0.00662;251.89631;34.68013;161.15934;2.59259;7.73507;151.44540;37.20726;0.00060;1.11170;53.01000444;;-162.0029625;
12_6a;"N Slope Aleutian Trench

";ICUL16613;Tanaidomorpha;Agathotanaidae;Paragathotanais;;sp. 1;1;BC;;;53° 36.016' N;;162° 10.665' W;;4305;;0.00662;251.89631;34.68013;161.15934;2.59259;7.73507;151.44540;37.20726;0.00060;1.11170;53.01000444;;-162.0029625;
12_9;"N Slope Aleutian Trench

";ICUL13012;Tanaidomorpha;Agathotanaidae;Paragathotanais;;sp. 2;3;EBS;Epi;300 µm;53° 34,516' N;53° 36,752' N;162° 08,618' W;162° 11,318' W;4251;4321;0.00662;251.89631;34.68013;161.15934;2.59259;7.73507;151.44540;37.20726;0.00060;1.11170;53.00958778;53.01020889;-162.0023939;-162.0031439
12_9;"N Slope Aleutian Trench

";ICUL13011;Tanaidomorpha;Pseudotanaidae;Pseudotanais;;sp. 7;1;EBS;;;53° 34,516' N;53° 36,752' N;162° 08,618' W;162° 11,318' W;4251;4321;0.00662;251.89631;34.68013;161.15934;2.59259;7.73507;151.44540;37.20726;0.00060;1.11170;53.00958778;53.01020889;-162.0023939;-162.0031439
13_7;Hadal;ICUL16793;Tanaidomorpha;Agathotanaidae;Paragathotanais;;sp. 1;1;EBS;;;53° 05,419' N;53° 04,296' N;162° 03,049' W;162° 08,252' W;6338;6168;0.01552;67.23775;34.68658;163.13283;2.55988;7.67375;154.87639;36.83049;0.00061;1.04884;53.00150528;53.00119333;-162.0008469;-162.0022922
13_7;Hadal;ICUL16781;Tanaidomorpha;Colletteidae;Collettea;;sp. 1;1;EBS;;;53° 05,419' N;53° 04,296' N;162° 03,049' W;162° 08,252' W;6338;6168;0.01552;67.23775;34.68658;163.13283;2.55988;7.67375;154.87639;36.83049;0.00061;1.04884;53.00150528;53.00119333;-162.0008469;-162.0022922
13_7;Hadal;ICUL16628;Tanaidomorpha;Cryptocopidae;Cryptocopoides;;sp. 1;1;EBS;;;53° 05,419' N;53° 04,296' N;162° 03,049' W;162° 08,252' W;6338;6168;0.01552;67.23775;34.68658;163.13283;2.55988;7.67375;154.87639;36.83049;0.00061;1.04884;53.00150528;53.00119333;-162.0008469;-162.0022922
13_7;Hadal;ICUL16629;Tanaidomorpha;Agathotanaidae;Paranarthrura;;sp. 2;5;EBS;;;53° 05,419' N;53° 04,296' N;162° 03,049' W;162° 08,252' W;6338;6168;0.01552;67.23775;34.68658;163.13283;2.55988;7.67375;154.87639;36.83049;0.00061;1.04884;53.00150528;53.00119333;-162.0008469;-162.0022922
14_5;S Slope Aleutian Trench;ICUL17019; Tanaidomorpha;Colletteidae;Collettea;;sp. 1;1;EBS;;;52° 42,792' N;52° 42,790' N;161° 46,293' W;161° 50,653' W;4853;4872;0.00993;65.48959;34.68514;165.52374;2.57260;7.71029;153.75011;36.94626;0.00061;1.06871;52.01188667;52.01188611;-161.0128592;-161.0140703
14_5;S Slope Aleutian Trench;ICUL16807;Tanaidomorpha;Pseudotanaidae;Pseudotanais;;sp. 7;2;EBS;;;52° 42,792' N;52° 42,790' N;161° 46,293' W;161° 50,653' W;4853;4872;0.00993;65.48959;34.68514;165.52374;2.57260;7.71029;153.75011;36.94626;0.00061;1.06871;52.01188667;52.01188611;-161.0128592;-161.0140703
14_5;S Slope Aleutian Trench;ICUL16663;Tanaidomorpha;Agathotanaidae;Paranarthrura;;sp. 1;1;EBS;;;52° 42,792' N;52° 42,790' N;161° 46,293' W;161° 50,653' W;4853;4872;0.00993;65.48959;34.68514;165.52374;2.57260;7.71029;153.75011;36.94626;0.00061;1.06871;52.01188667;52.01188611;-161.0128592;-161.0140703
14_5;S Slope Aleutian Trench;ICUL16640;Tanaidomorpha;Agathotanaidae;Paranarthrura;;sp. 1;1;EBS;;;52° 42,792' N;52° 42,790' N;161° 46,293' W;161° 50,653' W;4853;4872;0.00993;65.48959;34.68514;165.52374;2.57260;7.71029;153.75011;36.94626;0.00061;1.06871;52.01188667;52.01188611;-161.0128592;-161.0140703
14_5;S Slope Aleutian Trench;ICUL16667;Tanaidomorpha;Akanthophoreidae;Paraleptognathia;;sp. 2;1;EBS;;;52° 42,792' N;52° 42,790' N;161° 46,293' W;161° 50,653' W;4853;4872;0.00993;65.48959;34.68514;165.52374;2.57260;7.71029;153.75011;36.94626;0.00061;1.06871;52.01188667;52.01188611;-161.0128592;-161.0140703
14_5;S Slope Aleutian Trench;ICUL16790;Tanaidomorpha;Pseudotanaidae;Pseudotanais;;sp. 2;1;EBS;;;52° 42,792' N;52° 42,790' N;161° 46,293' W;161° 50,653' W;4853;4872;0.00993;65.48959;34.68514;165.52374;2.57260;7.71029;153.75011;36.94626;0.00061;1.06871;52.01188667;52.01188611;-161.0128592;-161.0140703
14_5;S Slope Aleutian Trench;ICUL16643;Tanaidomorpha;Agathotanaidae;Paranarthrura;;sp. 1;5;EBS;;;52° 42,792' N;52° 42,790' N;161° 46,293' W;161° 50,653' W;4853;4872;0.00993;65.48959;34.68514;165.52374;2.57260;7.71029;153.75011;36.94626;0.00061;1.06871;52.01188667;52.01188611;-161.0128592;-161.0140703
14_5;S Slope Aleutian Trench;ICUL17025;Tanaidomorpha;Agathotanaidae;Paranarthrura;;sp. 1;1;EBS;;;52° 42,792' N;52° 42,790' N;161° 46,293' W;161° 50,653' W;4853;4872;0.00993;65.48959;34.68514;165.52374;2.57260;7.71029;153.75011;36.94626;0.00061;1.06871;52.01188667;52.01188611;-161.0128592;-161.0140703
14_5;S Slope Aleutian Trench;ICUL13906;Tanaidomorpha;Paranarthrurellidae;Armatognathia;;sp. 1;1;EBS;Epi;Livesorting;52° 42,792' N;52° 42,790' N;161° 46,293' W;161° 50,653' W;4853;4872;0.00993;65.48959;34.68514;165.52374;2.57260;7.71029;153.75011;36.94626;0.00061;1.06871;52.01188667;52.01188611;-161.0128592;-161.0140703
14_5;S Slope Aleutian Trench;ICUL13907;Apseudomorpha;Apseudidae;Fageapseudes;;sp. 2;1;EBS;Epi;Livesorting;52° 42,792' N;52° 42,790' N;161° 46,293' W;161° 50,653' W;4853;4872;0.00993;65.48959;34.68514;165.52374;2.57260;7.71029;153.75011;36.94626;0.00061;1.06871;52.01188667;52.01188611;-161.0128592;-161.0140703
14_5;S Slope Aleutian Trench;ICUL13909;Apseudomorpha;Apseudidae;Fageapseudes;;sp. 2;1;EBS;Epi;Livesorting;52° 42,792' N;52° 42,790' N;161° 46,293' W;161° 50,653' W;4853;4872;0.00993;65.48959;34.68514;165.52374;2.57260;7.71029;153.75011;36.94626;0.00061;1.06871;52.01188667;52.01188611;-161.0128592;-161.0140703
14_5;S Slope Aleutian Trench;ICUL13905;Tanaidomorpha;Colletteidae;Leptognathiopsis ;;sp. 1;1;EBS;Epi;Livesorting;52° 42,792' N;52° 42,790' N;161° 46,293' W;161° 50,653' W;4853;4872;0.00993;65.48959;34.68514;165.52374;2.57260;7.71029;153.75011;36.94626;0.00061;1.06871;52.01188667;52.01188611;-161.0128592;-161.0140703
14_5;S Slope Aleutian Trench;ICUL16688;Tanaidomorpha;Typhlotanaidae;Typhlamia;;sp. 2;1;EBS;;;52° 42,792' N;52° 42,790' N;161° 46,293' W;161° 50,653' W;4853;4872;0.00993;65.48959;34.68514;165.52374;2.57260;7.71029;153.75011;36.94626;0.00061;1.06871;52.01188667;52.01188611;-161.0128592;-161.0140703
14_5;S Slope Aleutian Trench;ICUL17024;Tanaidomorpha;Typhlotanaidae;Typhlotanais;plebejus;sp. 1;2;EBS;;;52° 42,792' N;52° 42,790' N;161° 46,293' W;161° 50,653' W;4853;4872;0.00993;65.48959;34.68514;165.52374;2.57260;7.71029;153.75011;36.94626;0.00061;1.06871;52.01188667;52.01188611;-161.0128592;-161.0140703
14_6;S Slope Aleutian Trench;ICUL16617;Tanaidomorpha;Colletteidae;Leptognathiella;;sp. 3;1;BC;;;52° 42.814' N;;161° 50.478' W;;4873;;0.00993;65.48959;34.68514;165.52374;2.57260;7.71029;153.75011;36.94626;0.00061;1.06871;52.01189278;;-161.0140217;
14_6;S Slope Aleutian Trench;ICUL16622;Tanaidomorpha;Akanthophoreidae;Chauliopleona;;sp. 1;1;BC;;;52° 42.814' N;;161° 50.478' W;;4873;;0.00993;65.48959;34.68514;165.52374;2.57260;7.71029;153.75011;36.94626;0.00061;1.06871;52.01189278;;-161.0140217;
14_6;S Slope Aleutian Trench;ICUL16671; Tanaidomorpha;Akanthophoreidae;Stenotanais;;sp. 1;1;BC;;;52° 42.814' N;;161° 50.478' W;;4873;;0.00993;65.48959;34.68514;165.52374;2.57260;7.71029;153.75011;36.94626;0.00061;1.06871;52.01189278;;-161.0140217;
14_6;S Slope Aleutian Trench;ICUL16722; Tanaidomorpha;Agathotanaidae;Paragathotanais;;sp. 2;1;BC;;;52° 42.814' N;;161° 50.478' W;;4873;;0.00993;65.48959;34.68514;165.52374;2.57260;7.71029;153.75011;36.94626;0.00061;1.06871;52.01189278;;-161.0140217;
14_6;S Slope Aleutian Trench;ICUL16635; Tanaidomorpha;Akanthophoreidae;Tumidochelia;;sp. 1;1;BC;;;52° 42.814' N;;161° 50.478' W;;4873;;0.00993;65.48959;34.68514;165.52374;2.57260;7.71029;153.75011;36.94626;0.00061;1.06871;52.01189278;;-161.0140217;
14_6;S Slope Aleutian Trench;ICUL16648; Tanaidomorpha;Agathotanaidae;Paranarthrura;;sp. 1;1;BC;;;52° 42.814' N;;161° 50.478' W;;4873;;0.00993;65.48959;34.68514;165.52374;2.57260;7.71029;153.75011;36.94626;0.00061;1.06871;52.01189278;;-161.0140217;
14_6;S Slope Aleutian Trench;ICUL16717; Tanaidomorpha;Akanthophoreidae;Stenotanais;;sp. 1;1;BC;;;52° 42.814' N;;161° 50.478' W;;4873;;0.00993;65.48959;34.68514;165.52374;2.57260;7.71029;153.75011;36.94626;0.00061;1.06871;52.01189278;;-161.0140217;
14_6;S Slope Aleutian Trench;ICUL16780; Tanaidomorpha;Colletteidae;Collettea;;sp. 1;1;BC;;;52° 42.814' N;;161° 50.478' W;;4873;;0.00993;65.48959;34.68514;165.52374;2.57260;7.71029;153.75011;36.94626;0.00061;1.06871;52.01189278;;-161.0140217;
14_6;S Slope Aleutian Trench;ICUL16632; Tanaidomorpha;Agathotanaidae;Paranarthrura;;sp. 1;1;BC;;;52° 42.814' N;;161° 50.478' W;;4873;;0.00993;65.48959;34.68514;165.52374;2.57260;7.71029;153.75011;36.94626;0.00061;1.06871;52.01189278;;-161.0140217;
14_6;S Slope Aleutian Trench;ICUL16702; Tanaidomorpha;Colletteidae;Leptognathiella;;sp. 3;1;BC;;;52° 42.814' N;;161° 50.478' W;;4873;;0.00993;65.48959;34.68514;165.52374;2.57260;7.71029;153.75011;36.94626;0.00061;1.06871;52.01189278;;-161.0140217;
14_9;S Slope Aleutian Trench;ICUL16799; Tanaidomorpha;Pseudotanaidae;Pseudotanais;;sp. 6;2;EBS;;;52° 40,919' N;52° 43,014' N;161° 47,893' W;161° 50,763' W;4842;479;0.00993;65.48959;34.68514;165.52374;2.57260;7.71029;153.75011;36.94626;0.00061;1.06871;52.01136639;52.01194833;-161.0133036;-161.0141008
14_9;S Slope Aleutian Trench;ICUL16661; Tanaidomorpha;Agathotanaidae;Paranarthrura;;sp. 1;6;EBS;;;52° 40,919' N;52° 43,014' N;161° 47,893' W;161° 50,763' W;4842;479;0.00993;65.48959;34.68514;165.52374;2.57260;7.71029;153.75011;36.94626;0.00061;1.06871;52.01136639;52.01194833;-161.0133036;-161.0141008
14_9;S Slope Aleutian Trench;ICUL16666; Tanaidomorpha;Caudalongidae;Univeristatotanais;;sp. 1;1;EBS;;;52° 40,919' N;52° 43,014' N;161° 47,893' W;161° 50,763' W;4842;479;0.00993;65.48959;34.68514;165.52374;2.57260;7.71029;153.75011;36.94626;0.00061;1.06871;52.01136639;52.01194833;-161.0133036;-161.0141008
14_9;S Slope Aleutian Trench;ICUL16651;Apseudomorpha;Apseudidae;Fageapseudes;;sp. 1;1;EBS;;;52° 40,919' N;52° 43,014' N;161° 47,893' W;161° 50,763' W;4842;479;0.00993;65.48959;34.68514;165.52374;2.57260;7.71029;153.75011;36.94626;0.00061;1.06871;52.01136639;52.01194833;-161.0133036;-161.0141008
14_9;S Slope Aleutian Trench;ICUL17017;Tanaidomorpha;Colletteidae;Collettea;;sp. 1;1;EBS;;;52° 40,919' N;52° 43,014' N;161° 47,893' W;161° 50,763' W;4842;479;0.00993;65.48959;34.68514;165.52374;2.57260;7.71029;153.75011;36.94626;0.00061;1.06871;52.01136639;52.01194833;-161.0133036;-161.0141008
14_9;S Slope Aleutian Trench;ICUL13007;Apseudomorpha;Apseudidae;Fageapseudes;;sp. 2;1;EBS;Epi;Livesorting;52° 40,919' N;52° 43,014' N;161° 47,893' W;161° 50,763' W;4842;479;0.00993;65.48959;34.68514;165.52374;2.57260;7.71029;153.75011;36.94626;0.00061;1.06871;52.01136639;52.01194833;-161.0133036;-161.0141008
14_9;S Slope Aleutian Trench;ICUL16810;Tanaidomorpha;Colletteidae;Collettea;;sp. 2;1;EBS;;;52° 40,919' N;52° 43,014' N;161° 47,893' W;161° 50,763' W;4842;479;0.00993;65.48959;34.68514;165.52374;2.57260;7.71029;153.75011;36.94626;0.00061;1.06871;52.01136639;52.01194833;-161.0133036;-161.0141008
14_9;S Slope Aleutian Trench;ICUL17023;Tanaidomorpha;Colletteidae;Collettea;;sp. 2;6;EBS;;;52° 40,919' N;52° 43,014' N;161° 47,893' W;161° 50,763' W;4842;479;0.00993;65.48959;34.68514;165.52374;2.57260;7.71029;153.75011;36.94626;0.00061;1.06871;52.01136639;52.01194833;-161.0133036;-161.0141008
15_3;Hadal;ICUL16704;Tanaidomorpha;Pseudotanaidae;Pseudotanais;;sp. 2;1;BC;;;53° 32.676' N;;161° 12.856' W;;6268;;0.00579;260.07194;34.68636;163.23325;2.56069;7.67440;154.80563;36.84157;0.00061;1.05225;53.00907667;;-161.0035711;
15_3;Hadal;ICUL16719; Tanaidomorpha;Pseudotanaidae;Pseudotanais;;sp. 3;2;BC;;;53° 32.676' N;;161° 12.856' W;;6268;;0.00579;260.07194;34.68636;163.23325;2.56069;7.67440;154.80563;36.84157;0.00061;1.05225;53.00907667;;-161.0035711;
2_11;Bering Sea;ICUL13584;Tanaidomorpha;Anarthruridae;Anarthruropsis;;sp. 1;1;EBS;Supra;300 µm;54° 33,710' N;54° 33,748' N;171° 34,130' W;171° 38,117' W;3649;3651;0.00738;214.43413;34.66161;264.00177;3.12586;7.62697;87.31918;39.20813;0.00068;1.28887;54.00936389;54.00937444;-171.0094806;-171.0105881
2_11;Bering Sea;ICUL13579;Tanaidomorpha;Cryptocopidae;Cryptocopoides;;sp. 1;2;EBS;Supra;300 µm;54° 33,710' N;54° 33,748' N;171° 34,130' W;171° 38,117' W;3649;3651;0.00738;214.43413;34.66161;264.00177;3.12586;7.62697;87.31918;39.20813;0.00068;1.28887;54.00936389;54.00937444;-171.0094806;-171.0105881
2_11;Bering Sea;ICUL13547;Tanaidomorpha;Cryptocopidae;Cryptocopoides;;sp. 1;1;EBS;Supra;Livesorting;54° 33,710' N;54° 33,748' N;171° 34,130' W;171° 38,117' W;3649;3651;0.00738;214.43413;34.66161;264.00177;3.12586;7.62697;87.31918;39.20813;0.00068;1.28887;54.00936389;54.00937444;-171.0094806;-171.0105881
2_11;Bering Sea;ICUL13578;Tanaidomorpha;Leptognathiidae;Leptognathia;;sp. 1;2;EBS;Epi;300 µm;54° 33,710' N;54° 33,748' N;171° 34,130' W;171° 38,117' W;3649;3651;0.00738;214.43413;34.66161;264.00177;3.12586;7.62697;87.31918;39.20813;0.00068;1.28887;54.00936389;54.00937444;-171.0094806;-171.0105881
2_11;Bering Sea;ICUL13580;Tanaidomorpha;Leptognathiidae;Leptognathia;;sp. 1;1;EBS;Supra;Livesorting;54° 33,710' N;54° 33,748' N;171° 34,130' W;171° 38,117' W;3649;3651;0.00738;214.43413;34.66161;264.00177;3.12586;7.62697;87.31918;39.20813;0.00068;1.28887;54.00936389;54.00937444;-171.0094806;-171.0105881
2_11;Bering Sea;ICUL13574;Tanaidomorpha;Colletteidae;Leptognathiella;;sp. 1;1;EBS;Epi;300 µm;54° 33,710' N;54° 33,748' N;171° 34,130' W;171° 38,117' W;3649;3651;0.00738;214.43413;34.66161;264.00177;3.12586;7.62697;87.31918;39.20813;0.00068;1.28887;54.00936389;54.00937444;-171.0094806;-171.0105881
2_11;Bering Sea;ICUL13550;Tanaidomorpha;Colletteidae;Leptognathiella;;sp. 2;1;EBS;Supra;Livesorting;54° 33,710' N;54° 33,748' N;171° 34,130' W;171° 38,117' W;3649;3651;0.00738;214.43413;34.66161;264.00177;3.12586;7.62697;87.31918;39.20813;0.00068;1.28887;54.00936389;54.00937444;-171.0094806;-171.0105881
2_11;Bering Sea;ICUL13581;Tanaidomorpha;Colletteidae;Leptognathiella;;sp. 1;1;EBS;Supra;Livesorting;54° 33,710' N;54° 33,748' N;171° 34,130' W;171° 38,117' W;3649;3651;0.00738;214.43413;34.66161;264.00177;3.12586;7.62697;87.31918;39.20813;0.00068;1.28887;54.00936389;54.00937444;-171.0094806;-171.0105881
2_11;Bering Sea;ICUL13564;Tanaidomorpha;Colletteidae;Leptognathiella;;sp. 1;1;EBS;Supra;300 µm;54° 33,710' N;54° 33,748' N;171° 34,130' W;171° 38,117' W;3649;3651;0.00738;214.43413;34.66161;264.00177;3.12586;7.62697;87.31918;39.20813;0.00068;1.28887;54.00936389;54.00937444;-171.0094806;-171.0105881
2_11;Bering Sea;ICUL13567;Apseudomorpha;Apseudidae;Leviapseudes;;sp. 1;2;EBS;Supra;300 µm;54° 33,710' N;54° 33,748' N;171° 34,130' W;171° 38,117' W;3649;3651;0.00738;214.43413;34.66161;264.00177;3.12586;7.62697;87.31918;39.20813;0.00068;1.28887;54.00936389;54.00937444;-171.0094806;-171.0105881
2_11;Bering Sea;ICUL13576;Tanaidomorpha;Agathotanaidae;Paragathotanais;;sp. 1;2;EBS;Epi;300 µm;54° 33,710' N;54° 33,748' N;171° 34,130' W;171° 38,117' W;3649;3651;0.00738;214.43413;34.66161;264.00177;3.12586;7.62697;87.31918;39.20813;0.00068;1.28887;54.00936389;54.00937444;-171.0094806;-171.0105881
2_11;Bering Sea;ICUL13570;Tanaidomorpha;Agathotanaidae;Paragathotanais;;sp. 1;1;EBS;Epi;300 µm;54° 33,710' N;54° 33,748' N;171° 34,130' W;171° 38,117' W;3649;3651;0.00738;214.43413;34.66161;264.00177;3.12586;7.62697;87.31918;39.20813;0.00068;1.28887;54.00936389;54.00937444;-171.0094806;-171.0105881
2_11;Bering Sea;ICUL13571;Tanaidomorpha;Agathotanaidae;Paragathotanais;;sp. 1;1;EBS;Supra;Livesorting;54° 33,710' N;54° 33,748' N;171° 34,130' W;171° 38,117' W;3649;3651;0.00738;214.43413;34.66161;264.00177;3.12586;7.62697;87.31918;39.20813;0.00068;1.28887;54.00936389;54.00937444;-171.0094806;-171.0105881
2_11;Bering Sea;ICUL15913;Tanaidomorpha;Pseudotanaidae;Pseudotanais;;sp. 4;1;EBS;Epi;300 µm;54° 33,710' N;54° 33,748' N;171° 34,130' W;171° 38,117' W;3649;3651;0.00738;214.43413;34.66161;264.00177;3.12586;7.62697;87.31918;39.20813;0.00068;1.28887;54.00936389;54.00937444;-171.0094806;-171.0105881
2_11;Bering Sea;ICUL15914;Tanaidomorpha;Pseudotanaidae;Pseudotanais;;sp. 1;1;EBS;Epi;300 µm;54° 33,710' N;54° 33,748' N;171° 34,130' W;171° 38,117' W;3649;3651;0.00738;214.43413;34.66161;264.00177;3.12586;7.62697;87.31918;39.20813;0.00068;1.28887;54.00936389;54.00937444;-171.0094806;-171.0105881
2_11;Bering Sea;ICUL13575;Tanaidomorpha;Akanthophoreidae;stet.;;sp. 1;1;EBS;Epi;300 µm;54° 33,710' N;54° 33,748' N;171° 34,130' W;171° 38,117' W;3649;3651;0.00738;214.43413;34.66161;264.00177;3.12586;7.62697;87.31918;39.20813;0.00068;1.28887;54.00936389;54.00937444;-171.0094806;-171.0105881
2_11;Bering Sea;ICUL15911;Tanaidomorpha;Pseudotanaidae;Pseudotanais;;sp. 4;1;EBS;Supra;300 µm;54° 33,710' N;54° 33,748' N;171° 34,130' W;171° 38,117' W;3649;3651;0.00738;214.43413;34.66161;264.00177;3.12586;7.62697;87.31918;39.20813;0.00068;1.28887;54.00936389;54.00937444;-171.0094806;-171.0105881
2_11;Bering Sea;ICUL13546;Tanaidomorpha;Pseudotanaidae;Pseudotanais;;sp. 1;1;EBS;Supra;Livesorting;54° 33,710' N;54° 33,748' N;171° 34,130' W;171° 38,117' W;3649;3651;0.00738;214.43413;34.66161;264.00177;3.12586;7.62697;87.31918;39.20813;0.00068;1.28887;54.00936389;54.00937444;-171.0094806;-171.0105881
2_11;Bering Sea;ICUL13549;Tanaidomorpha;Pseudotanaidae;Pseudotanais;;sp. 1;1;EBS;Supra;Livesorting;54° 33,710' N;54° 33,748' N;171° 34,130' W;171° 38,117' W;3649;3651;0.00738;214.43413;34.66161;264.00177;3.12586;7.62697;87.31918;39.20813;0.00068;1.28887;54.00936389;54.00937444;-171.0094806;-171.0105881
2_11;Bering Sea;ICUL13553;Tanaidomorpha;Pseudotanaidae;Pseudotanais;;sp. 4;1;EBS;Epi;300 µm;54° 33,710' N;54° 33,748' N;171° 34,130' W;171° 38,117' W;3649;3651;0.00738;214.43413;34.66161;264.00177;3.12586;7.62697;87.31918;39.20813;0.00068;1.28887;54.00936389;54.00937444;-171.0094806;-171.0105881
2_11;Bering Sea;ICUL13577;Tanaidomorpha;Typhlotanaidae;Typhlamia;;sp. 1;2;EBS;Epi;300 µm;54° 33,710' N;54° 33,748' N;171° 34,130' W;171° 38,117' W;3649;3651;0.00738;214.43413;34.66161;264.00177;3.12586;7.62697;87.31918;39.20813;0.00068;1.28887;54.00936389;54.00937444;-171.0094806;-171.0105881
2_11;Bering Sea;ICUL13583;Tanaidomorpha;Pseudotanaidae;Pseudotanais;;sp. 4;1;EBS;Supra;300 µm;54° 33,710' N;54° 33,748' N;171° 34,130' W;171° 38,117' W;3649;3651;0.00738;214.43413;34.66161;264.00177;3.12586;7.62697;87.31918;39.20813;0.00068;1.28887;54.00936389;54.00937444;-171.0094806;-171.0105881
2_11;Bering Sea;ICUL13565;Tanaidomorpha;Pseudotanaidae;Pseudotanais;;sp. 4;1;EBS;Supra;300 µm;54° 33,710' N;54° 33,748' N;171° 34,130' W;171° 38,117' W;3649;3651;0.00738;214.43413;34.66161;264.00177;3.12586;7.62697;87.31918;39.20813;0.00068;1.28887;54.00936389;54.00937444;-171.0094806;-171.0105881
2_11;Bering Sea;ICUL16092;Tanaidomorpha;Leptognathiidae;Forcipatia;;sp. 1;1;EBS;;;54° 33,710' N;54° 33,748' N;171° 34,130' W;171° 38,117' W;3649;3651;0.00738;214.43413;34.66161;264.00177;3.12586;7.62697;87.31918;39.20813;0.00068;1.28887;54.00936389;54.00937444;-171.0094806;-171.0105881
2_11;Bering Sea;ICUL16090;Tanaidomorpha;Anarthruridae;stet.;;sp. 1;1;EBS;;;54° 33,710' N;54° 33,748' N;171° 34,130' W;171° 38,117' W;3649;3651;0.00738;214.43413;34.66161;264.00177;3.12586;7.62697;87.31918;39.20813;0.00068;1.28887;54.00936389;54.00937444;-171.0094806;-171.0105881
2_11;Bering Sea;ICUL16605;Tanaidomorpha;Agathotanaidae;Paragathotanais;;sp. 1;1;EBS;Epi;300 µm;54° 33,710' N;54° 33,748' N;171° 34,130' W;171° 38,117' W;3649;3651;0.00738;214.43413;34.66161;264.00177;3.12586;7.62697;87.31918;39.20813;0.00068;1.28887;54.00936389;54.00937444;-171.0094806;-171.0105881
2_11;Bering Sea;ICUL16606;Tanaidomorpha;Agathotanaidae;Paragathotanais;;sp. 1;1;EBS;Supra;Livesorting;54° 33,710' N;54° 33,748' N;171° 34,130' W;171° 38,117' W;3649;3651;0.00738;214.43413;34.66161;264.00177;3.12586;7.62697;87.31918;39.20813;0.00068;1.28887;54.00936389;54.00937444;-171.0094806;-171.0105881
2_11;Bering Sea;ICUL13351;Tanaidomorpha;Leptognathiidae;Leptognathia;;sp. 1;1;EBS;;;54° 33,710' N;54° 33,748' N;171° 34,130' W;171° 38,117' W;3649;3651;0.00738;214.43413;34.66161;264.00177;3.12586;7.62697;87.31918;39.20813;0.00068;1.28887;54.00936389;54.00937444;-171.0094806;-171.0105881
2_11;Bering Sea;ICUL16090;Tanaidomorpha;Anarthruridae;stet.;;sp. 1;1;EBS;Supra;300 µm;54° 33,710' N;54° 33,748' N;171° 34,130' W;171° 38,117' W;3649;3651;0.00738;214.43413;34.66161;264.00177;3.12586;7.62697;87.31918;39.20813;0.00068;1.28887;54.00936389;54.00937444;-171.0094806;-171.0105881
2_6;Bering Sea;ICUL16621;Tanaidomorpha;Colletteidae;Leptognathiella;;sp. 1;1;EBS;;;54° 30,762' N;54° 32,984' N;174° 41,185' W;174° 38,944' W;3656;3653;0.00738;214.43413;34.66161;264.00177;3.12586;7.62697;87.31918;39.20813;0.00068;1.28887;54.008545;54.00916222;-174.0114403;-174.0108178
2_6;Bering Sea;ICUL13588;Tanaidomorpha;Colletteidae;Leptognathiella;;sp. 2;1;EBS;Supra;300 µm;54° 30,762' N;54° 32,984' N;174° 41,185' W;174° 38,944' W;3656;3653;0.00738;214.43413;34.66161;264.00177;3.12586;7.62697;87.31918;39.20813;0.00068;1.28887;54.008545;54.00916222;-174.0114403;-174.0108178
2_6;Bering Sea;ICUL13629;Tanaidomorpha;Pseudotanaidae;Pseudotanais;;sp. 1;1;EBS;Supra;300 µm;54° 30,762' N;54° 32,984' N;174° 41,185' W;174° 38,944' W;3656;3653;0.00738;214.43413;34.66161;264.00177;3.12586;7.62697;87.31918;39.20813;0.00068;1.28887;54.008545;54.00916222;-174.0114403;-174.0108178
2_6;Bering Sea;ICUL13631;Tanaidomorpha;Pseudotanaidae;Pseudotanais;;sp. 4;1;EBS;Supra;300 µm;54° 30,762' N;54° 32,984' N;174° 41,185' W;174° 38,944' W;3656;3653;0.00738;214.43413;34.66161;264.00177;3.12586;7.62697;87.31918;39.20813;0.00068;1.28887;54.008545;54.00916222;-174.0114403;-174.0108178
2_6;Bering Sea;ICUL13585;Tanaidomorpha;Pseudotanaidae;Pseudotanais;;sp. 4;1;EBS;Supra;300 µm;54° 30,762' N;54° 32,984' N;174° 41,185' W;174° 38,944' W;3656;3653;0.00738;214.43413;34.66161;264.00177;3.12586;7.62697;87.31918;39.20813;0.00068;1.28887;54.008545;54.00916222;-174.0114403;-174.0108178
2_6;Bering Sea;ICUL13586;Tanaidomorpha;Pseudotanaidae;Pseudotanais;;sp. 4;1;EBS;Epi-Ü;Livesorting;54° 30,762' N;54° 32,984' N;174° 41,185' W;174° 38,944' W;3656;3653;0.00738;214.43413;34.66161;264.00177;3.12586;7.62697;87.31918;39.20813;0.00068;1.28887;54.008545;54.00916222;-174.0114403;-174.0108178
2_6;Bering Sea;ICUL13628;Tanaidomorpha;Colletteidae;Leptognathiella;;sp. 3;1;EBS;;;54° 30,762' N;54° 32,984' N;174° 41,185' W;174° 38,944' W;3656;3653;0.00738;214.43413;34.66161;264.00177;3.12586;7.62697;87.31918;39.20813;0.00068;1.28887;54.008545;54.00916222;-174.0114403;-174.0108178
4_5;"N Slope Aleutian Trench

";ICUL16652;Apseudomorpha;Apseudidae;Fageapseudes;;sp. 2;1;EBS;;;51° 42,253' N;51° 39,667' N;170° 28,764' W;170° 29,885' W;4220;4625;0.00854;258.18970;34.68039;159.38252;2.57914;7.73650;152.27169;37.08957;0.00060;1.11375;51.01173694;51.01101861;-170.00799;-170.0083014
4_5;"N Slope Aleutian Trench

";ICUL13555;Tanaidomorpha;Colletteidae;Collettea;;sp. 1;2;EBS;Supra;300 µm;51° 42,253' N;51° 39,667' N;170° 28,764' W;170° 29,885' W;4220;4625;0.00854;258.18970;34.68039;159.38252;2.57914;7.73650;152.27169;37.08957;0.00060;1.11375;51.01173694;51.01101861;-170.00799;-170.0083014
4_5;"N Slope Aleutian Trench

";ICUL13563;Tanaidomorpha;Leptognathiidae;Leptognathia;;sp. 1;1;EBS;Epi;300 µm;51° 42,253' N;51° 39,667' N;170° 28,764' W;170° 29,885' W;4220;4625;0.00854;258.18970;34.68039;159.38252;2.57914;7.73650;152.27169;37.08957;0.00060;1.11375;51.01173694;51.01101861;-170.00799;-170.0083014
4_5;"N Slope Aleutian Trench

";ICUL13512;Tanaidomorpha;Agathotanaidae;Paragathotanais;;sp. 1;1;EBS;Epi;Livesorting;51° 42,253' N;51° 39,667' N;170° 28,764' W;170° 29,885' W;4220;4625;0.00854;258.18970;34.68039;159.38252;2.57914;7.73650;152.27169;37.08957;0.00060;1.11375;51.01173694;51.01101861;-170.00799;-170.0083014
4_5;"N Slope Aleutian Trench

";ICUL13559;Tanaidomorpha;Agathotanaidae;Paranarthrura;;sp. 1;1;EBS;Epi;300 µm;51° 42,253' N;51° 39,667' N;170° 28,764' W;170° 29,885' W;4220;4625;0.00854;258.18970;34.68039;159.38252;2.57914;7.73650;152.27169;37.08957;0.00060;1.11375;51.01173694;51.01101861;-170.00799;-170.0083014
4_5;"N Slope Aleutian Trench

";ICUL13504;Tanaidomorpha;Agathotanaidae;Paranarthrura;;sp. 1;1;EBS;Epi;300 µm;51° 42,253' N;51° 39,667' N;170° 28,764' W;170° 29,885' W;4220;4625;0.00854;258.18970;34.68039;159.38252;2.57914;7.73650;152.27169;37.08957;0.00060;1.11375;51.01173694;51.01101861;-170.00799;-170.0083014
4_5;"N Slope Aleutian Trench

";ICUL13503;Tanaidomorpha;Paratanaoidea incertae sedis;Singula;;sp. 1;2;EBS;Epi;300 µm;51° 42,253' N;51° 39,667' N;170° 28,764' W;170° 29,885' W;4220;4625;0.00854;258.18970;34.68039;159.38252;2.57914;7.73650;152.27169;37.08957;0.00060;1.11375;51.01173694;51.01101861;-170.00799;-170.0083014
4_5;"N Slope Aleutian Trench

";ICUL13557;Tanaidomorpha;Pseudotanaidae;Pseudotanais;;sp. 5;2;EBS;Supra;300 µm;51° 42,253' N;51° 39,667' N;170° 28,764' W;170° 29,885' W;4220;4625;0.00854;258.18970;34.68039;159.38252;2.57914;7.73650;152.27169;37.08957;0.00060;1.11375;51.01173694;51.01101861;-170.00799;-170.0083014
4_5;"N Slope Aleutian Trench

";ICUL13558;Tanaidomorpha;Pseudotanaidae;Pseudotanais;;sp. 1;1;EBS;Epi;300 µm;51° 42,253' N;51° 39,667' N;170° 28,764' W;170° 29,885' W;4220;4625;0.00854;258.18970;34.68039;159.38252;2.57914;7.73650;152.27169;37.08957;0.00060;1.11375;51.01173694;51.01101861;-170.00799;-170.0083014
4_5;"N Slope Aleutian Trench

";ICUL13560;Tanaidomorpha;Pseudotanaidae;Pseudotanais;;sp. 1;5;EBS;Epi;Livesorting;51° 42,253' N;51° 39,667' N;170° 28,764' W;170° 29,885' W;4220;4625;0.00854;258.18970;34.68039;159.38252;2.57914;7.73650;152.27169;37.08957;0.00060;1.11375;51.01173694;51.01101861;-170.00799;-170.0083014
4_5;"N Slope Aleutian Trench

";ICUL13562;Tanaidomorpha;Pseudotanaidae;Pseudotanais;;sp. 6;1;EBS;Epi;300 µm;51° 42,253' N;51° 39,667' N;170° 28,764' W;170° 29,885' W;4220;4625;0.00854;258.18970;34.68039;159.38252;2.57914;7.73650;152.27169;37.08957;0.00060;1.11375;51.01173694;51.01101861;-170.00799;-170.0083014
4_5;"N Slope Aleutian Trench

";ICUL13510;Tanaidomorpha;Pseudotanaidae;Pseudotanais;;sp. 2;1;EBS;Epi;300 µm;51° 42,253' N;51° 39,667' N;170° 28,764' W;170° 29,885' W;4220;4625;0.00854;258.18970;34.68039;159.38252;2.57914;7.73650;152.27169;37.08957;0.00060;1.11375;51.01173694;51.01101861;-170.00799;-170.0083014
4_5;"N Slope Aleutian Trench

";ICUL13505;Tanaidomorpha;Typhlotanaidae;Typhlamia;;sp. 2;1;EBS;Supra;300 µm;51° 42,253' N;51° 39,667' N;170° 28,764' W;170° 29,885' W;4220;4625;0.00854;258.18970;34.68039;159.38252;2.57914;7.73650;152.27169;37.08957;0.00060;1.11375;51.01173694;51.01101861;-170.00799;-170.0083014
4_5;"N Slope Aleutian Trench

";ICUL13511;Tanaidomorpha;Typhlotanaidae;Typhlamia;;sp. 2;1;EBS;Epi;300 µm;51° 42,253' N;51° 39,667' N;170° 28,764' W;170° 29,885' W;4220;4625;0.00854;258.18970;34.68039;159.38252;2.57914;7.73650;152.27169;37.08957;0.00060;1.11375;51.01173694;51.01101861;-170.00799;-170.0083014
4_5;"N Slope Aleutian Trench

";ICUL16091;Tanaidomorpha;Akanthophoreidae;Tumidochelia;;sp. 2;1;EBS;;;51° 42,253' N;51° 39,667' N;170° 28,764' W;170° 29,885' W;4220;4625;0.00854;258.18970;34.68039;159.38252;2.57914;7.73650;152.27169;37.08957;0.00060;1.11375;51.01173694;51.01101861;-170.00799;-170.0083014
4_6;"N Slope Aleutian Trench

";ICUL16681;Tanaidomorpha;Paranarthrurellidae;Armatognathia;;sp. 1;1;BC;;;51° 40.336' N;;170° 28.711' W;;4641;;0.00854;258.18970;34.68039;159.38252;2.57914;7.73650;152.27169;37.08957;0.00060;1.11375;51.01120444;;-170.0079753;
4_6;"N Slope Aleutian Trench

";ICUL16679;Tanaidomorpha;Akanthophoreidae;Stenotanais;;sp. 1;1;BC;;;51° 40.336' N;;170° 28.711' W;;4641;;0.00854;258.18970;34.68039;159.38252;2.57914;7.73650;152.27169;37.08957;0.00060;1.11375;51.01120444;;-170.0079753;
4_6;"N Slope Aleutian Trench

";ICUL16775;Tanaidomorpha;Colletteidae;Leptognathiella;;sp. 3;1;BC;;;51° 40.336' N;;170° 28.711' W;;4641;;0.00854;258.18970;34.68039;159.38252;2.57914;7.73650;152.27169;37.08957;0.00060;1.11375;51.01120444;;-170.0079753;
4_6;"N Slope Aleutian Trench

";ICUL16680;Tanaidomorpha;Typhlotanaidae;Meromonakantha;;sp. 1;1;BC;;;51° 40.336' N;;170° 28.711' W;;4641;;0.00854;258.18970;34.68039;159.38252;2.57914;7.73650;152.27169;37.08957;0.00060;1.11375;51.01120444;;-170.0079753;
4_6;"N Slope Aleutian Trench

";ICUL16713; Tanaidomorpha;Pseudotanaidae;Pseudotanais;;sp. 1;1;BC;;;51° 40.336' N;;170° 28.711' W;;4641;;0.00854;258.18970;34.68039;159.38252;2.57914;7.73650;152.27169;37.08957;0.00060;1.11375;51.01120444;;-170.0079753;
4_6;"N Slope Aleutian Trench

";ICUL16638; Tanaidomorpha;Akanthophoreidae;Tumidochelia;;sp. 1;1;BC;;;51° 40.336' N;;170° 28.711' W;;4641;;0.00854;258.18970;34.68039;159.38252;2.57914;7.73650;152.27169;37.08957;0.00060;1.11375;51.01120444;;-170.0079753;
4_9;"N Slope Aleutian Trench

";ICUL13519;Tanaidomorpha;Typhlotanaidae;Meromonakantha;;sp. 1;1;EBS;Epi;300 µm;51° 42,512' N;51° 39,861' N;170° 28,842' W;170° 30,820' W;4224;4609;0.00854;258.18970;34.68039;159.38252;2.57914;7.73650;152.27169;37.08957;0.00060;1.11375;51.01180889;51.0110725;-170.0080117;-170.0085611
4_9;"N Slope Aleutian Trench

";ICUL17016;Tanaidomorpha;Colletteidae;Collettea;;sp. 1;1;EBS;;;51° 42,512' N;51° 39,861' N;170° 28,842' W;170° 30,820' W;4224;4609;0.00854;258.18970;34.68039;159.38252;2.57914;7.73650;152.27169;37.08957;0.00060;1.11375;51.01180889;51.0110725;-170.0080117;-170.0085611
4_9;"N Slope Aleutian Trench

";ICUL16787;Tanaidomorpha;Paratanaoidea incertae sedis;Exspina;;sp. 2;1;EBS;;;51° 42,512' N;51° 39,861' N;170° 28,842' W;170° 30,820' W;4224;4609;0.00854;258.18970;34.68039;159.38252;2.57914;7.73650;152.27169;37.08957;0.00060;1.11375;51.01180889;51.0110725;-170.0080117;-170.0085611
4_9;"N Slope Aleutian Trench

";ICUL16786;Tanaidomorpha;Pseudotanaidae;Pseudotanais;;sp. 1;8;EBS;;;51° 42,512' N;51° 39,861' N;170° 28,842' W;170° 30,820' W;4224;4609;0.00854;258.18970;34.68039;159.38252;2.57914;7.73650;152.27169;37.08957;0.00060;1.11375;51.01180889;51.0110725;-170.0080117;-170.0085611
4_9;"N Slope Aleutian Trench

";ICUL16785;Tanaidomorpha;Akanthophoreidae;Paraleptognathia;;sp. 2;3;EBS;;;51° 42,512' N;51° 39,861' N;170° 28,842' W;170° 30,820' W;4224;4609;0.00854;258.18970;34.68039;159.38252;2.57914;7.73650;152.27169;37.08957;0.00060;1.11375;51.01180889;51.0110725;-170.0080117;-170.0085611
4_9;"N Slope Aleutian Trench

";ICUL13507;Tanaidomorpha;Typhlotanaidae;Starkus;;sp. 1;1;EBS;Supra;Livesorting;51° 42,512' N;51° 39,861' N;170° 28,842' W;170° 30,820' W;4224;4609;0.00854;258.18970;34.68039;159.38252;2.57914;7.73650;152.27169;37.08957;0.00060;1.11375;51.01180889;51.0110725;-170.0080117;-170.0085611
4_9;"N Slope Aleutian Trench

";ICUL13523;Tanaidomorpha;Typhlotanaidae;Starkus;;sp. 1;2;EBS;Epi;300 µm;51° 42,512' N;51° 39,861' N;170° 28,842' W;170° 30,820' W;4224;4609;0.00854;258.18970;34.68039;159.38252;2.57914;7.73650;152.27169;37.08957;0.00060;1.11375;51.01180889;51.0110725;-170.0080117;-170.0085611
4_9;"N Slope Aleutian Trench

";ICUL13526;Tanaidomorpha;Tanaellidae;Araphura;;sp. 1;1;EBS;Epi;300 µm;51° 42,512' N;51° 39,861' N;170° 28,842' W;170° 30,820' W;4224;4609;0.00854;258.18970;34.68039;159.38252;2.57914;7.73650;152.27169;37.08957;0.00060;1.11375;51.01180889;51.0110725;-170.0080117;-170.0085611
4_9;"N Slope Aleutian Trench

";ICUL13514;Tanaidomorpha;Paratanaoidea incertae sedis;Exspina;;sp. 1;1;EBS;Supra;300 µm;51° 42,512' N;51° 39,861' N;170° 28,842' W;170° 30,820' W;4224;4609;0.00854;258.18970;34.68039;159.38252;2.57914;7.73650;152.27169;37.08957;0.00060;1.11375;51.01180889;51.0110725;-170.0080117;-170.0085611
4_9;"N Slope Aleutian Trench

";ICUL13515;Tanaidomorpha;Leptognathiidae;Leptognathia;;sp. 1;1;EBS;Supra;300 µm;51° 42,512' N;51° 39,861' N;170° 28,842' W;170° 30,820' W;4224;4609;0.00854;258.18970;34.68039;159.38252;2.57914;7.73650;152.27169;37.08957;0.00060;1.11375;51.01180889;51.0110725;-170.0080117;-170.0085611
4_9;"N Slope Aleutian Trench

";ICUL13528;Tanaidomorpha;Colletteidae;Haplocope;;sp. 1;1;EBS;Epi;Livesorting;51° 42,512' N;51° 39,861' N;170° 28,842' W;170° 30,820' W;4224;4609;0.00854;258.18970;34.68039;159.38252;2.57914;7.73650;152.27169;37.08957;0.00060;1.11375;51.01180889;51.0110725;-170.0080117;-170.0085611
4_9;"N Slope Aleutian Trench

";ICUL13529;Tanaidomorpha;Colletteidae;Leptognathiella;;sp. 1;1;EBS;Epi;300 µm;51° 42,512' N;51° 39,861' N;170° 28,842' W;170° 30,820' W;4224;4609;0.00854;258.18970;34.68039;159.38252;2.57914;7.73650;152.27169;37.08957;0.00060;1.11375;51.01180889;51.0110725;-170.0080117;-170.0085611
4_9;"N Slope Aleutian Trench

";ICUL13527;Tanaidomorpha;Colletteidae;Leptognathiopsis ;;sp. 1;1;EBS;Epi;Livesorting;51° 42,512' N;51° 39,861' N;170° 28,842' W;170° 30,820' W;4224;4609;0.00854;258.18970;34.68039;159.38252;2.57914;7.73650;152.27169;37.08957;0.00060;1.11375;51.01180889;51.0110725;-170.0080117;-170.0085611
4_9;"N Slope Aleutian Trench

";ICUL13517;Tanaidomorpha;Agathotanaidae;Paragathotanais;;sp. 1;1;EBS;Epi;300 µm;51° 42,512' N;51° 39,861' N;170° 28,842' W;170° 30,820' W;4224;4609;0.00854;258.18970;34.68039;159.38252;2.57914;7.73650;152.27169;37.08957;0.00060;1.11375;51.01180889;51.0110725;-170.0080117;-170.0085611
4_9;"N Slope Aleutian Trench

";ICUL13513;Tanaidomorpha;Agathotanaidae;Paranarthrura;;sp. 1;1;EBS;Epi;Livesorting;51° 42,512' N;51° 39,861' N;170° 28,842' W;170° 30,820' W;4224;4609;0.00854;258.18970;34.68039;159.38252;2.57914;7.73650;152.27169;37.08957;0.00060;1.11375;51.01180889;51.0110725;-170.0080117;-170.0085611
4_9;"N Slope Aleutian Trench

";ICUL13524;Tanaidomorpha;Agathotanaidae;Paranarthrura;;sp. 1;1;EBS;Epi;300 µm;51° 42,512' N;51° 39,861' N;170° 28,842' W;170° 30,820' W;4224;4609;0.00854;258.18970;34.68039;159.38252;2.57914;7.73650;152.27169;37.08957;0.00060;1.11375;51.01180889;51.0110725;-170.0080117;-170.0085611
4_9;"N Slope Aleutian Trench

";ICUL13525;Tanaidomorpha;Paratanaoidea incertae sedis;Singula;;sp. 1;1;EBS;Epi;300 µm;51° 42,512' N;51° 39,861' N;170° 28,842' W;170° 30,820' W;4224;4609;0.00854;258.18970;34.68039;159.38252;2.57914;7.73650;152.27169;37.08957;0.00060;1.11375;51.01180889;51.0110725;-170.0080117;-170.0085611
4_9;"N Slope Aleutian Trench

";ICUL13516;Tanaidomorpha;Pseudotanaidae;Pseudotanais;;sp. 5;1;EBS;Supra;300 µm;51° 42,512' N;51° 39,861' N;170° 28,842' W;170° 30,820' W;4224;4609;0.00854;258.18970;34.68039;159.38252;2.57914;7.73650;152.27169;37.08957;0.00060;1.11375;51.01180889;51.0110725;-170.0080117;-170.0085611
4_9;"N Slope Aleutian Trench

";ICUL15906;Tanaidomorpha;Pseudotanaidae;Pseudotanais;;sp. 1;6;EBS;Epi;300 µm;51° 42,512' N;51° 39,861' N;170° 28,842' W;170° 30,820' W;4224;4609;0.00854;258.18970;34.68039;159.38252;2.57914;7.73650;152.27169;37.08957;0.00060;1.11375;51.01180889;51.0110725;-170.0080117;-170.0085611
4_9;"N Slope Aleutian Trench

";ICUL15907;Tanaidomorpha;Pseudotanaidae;Pseudotanais;;sp. 1;6;EBS;Epi;300 µm;51° 42,512' N;51° 39,861' N;170° 28,842' W;170° 30,820' W;4224;4609;0.00854;258.18970;34.68039;159.38252;2.57914;7.73650;152.27169;37.08957;0.00060;1.11375;51.01180889;51.0110725;-170.0080117;-170.0085611
4_9;"N Slope Aleutian Trench

";ICUL13521;Tanaidomorpha;Pseudotanaidae;Pseudotanais;;sp. 5;3;EBS;Epi;300 µm;51° 42,512' N;51° 39,861' N;170° 28,842' W;170° 30,820' W;4224;4609;0.00854;258.18970;34.68039;159.38252;2.57914;7.73650;152.27169;37.08957;0.00060;1.11375;51.01180889;51.0110725;-170.0080117;-170.0085611
4_9;"N Slope Aleutian Trench

";ICUL13518;Tanaidomorpha;Typhlotanaidae;Typhlamia;;sp. 2;1;EBS;Epi;Livesorting;51° 42,512' N;51° 39,861' N;170° 28,842' W;170° 30,820' W;4224;4609;0.00854;258.18970;34.68039;159.38252;2.57914;7.73650;152.27169;37.08957;0.00060;1.11375;51.01180889;51.0110725;-170.0080117;-170.0085611
4_9;"N Slope Aleutian Trench

";ICUL16812;Tanaidomorpha;Colletteidae;Leptognathiella;;sp. 1;1;EBS;Epi;300 µm;51° 42,512' N;51° 39,861' N;170° 28,842' W;170° 30,820' W;4224;4609;0.00854;258.18970;34.68039;159.38252;2.57914;7.73650;152.27169;37.08957;0.00060;1.11375;51.01180889;51.0110725;-170.0080117;-170.0085611
5_6;Hadal;ICUL13535;Tanaidomorpha;Typhlotanaidae;Typhlamia;;sp. 1 ;1;EBS;;;54° 31,419' N;54° 32,495' N;172° 36,594' W;172° 32,014' W;3517;3504;0.00374;241.15945;34.68748;161.35994;2.55500;7.67432;155.62848;36.71644;0.00060;1.03834;54.0087275;54.00902639;-172.010165;-172.0088928
5_6;Hadal;ICUL13534;Tanaidomorpha;Akanthophoreidae;Tumidochelia;;sp. 1;1;EBS;;;54° 31,419' N;54° 32,495' N;172° 36,594' W;172° 32,014' W;3517;3504;0.00374;241.15945;34.68748;161.35994;2.55500;7.67432;155.62848;36.71644;0.00060;1.03834;54.0087275;54.00902639;-172.010165;-172.0088928
5_9;Hadal;ICUL13531;Tanaidomorpha;Colletteidae;Collettea;;sp. 1;1;EBS;Supra-Ü;300 µm;51° 10,276' N;51° 13,955' N;170° 11,030' W;170° 09,590' W;7236;7239;0.00374;241.15945;34.68748;161.35994;2.55500;7.67432;155.62848;36.71644;0.00060;1.03834;51.00285444;51.00387639;-170.0030639;-170.0026639
5_9;Hadal;ICUL13532;Tanaidomorpha;Colletteidae;Collettea;;sp. 1;1;EBS;Supra-Ü;300 µm;51° 10,276' N;51° 13,955' N;170° 11,030' W;170° 09,590' W;7236;7239;0.00374;241.15945;34.68748;161.35994;2.55500;7.67432;155.62848;36.71644;0.00060;1.03834;51.00285444;51.00387639;-170.0030639;-170.0026639
5_9;Hadal;ICUL13533;Tanaidomorpha;Anarthruridae;stet.;;sp. 1;1;EBS;Epi-Ü;300 µm;51° 10,276' N;51° 13,955' N;170° 11,030' W;170° 09,590' W;7236;7239;0.00374;241.15945;34.68748;161.35994;2.55500;7.67432;155.62848;36.71644;0.00060;1.03834;51.00285444;51.00387639;-170.0030639;-170.0026639
5_9;Hadal;ICUL16603;Tanaidomorpha;Colletteidae;Collettea;;sp. 1;1;EBS;Supra-Ü;300 µm;51° 10,276' N;51° 13,955' N;170° 11,030' W;170° 09,590' W;7236;7239;0.00374;241.15945;34.68748;161.35994;2.55500;7.67432;155.62848;36.71644;0.00060;1.03834;51.00285444;51.00387639;-170.0030639;-170.0026639
6_4;S Slope Aleutian Trench;ICUL16694;Tanaidomorpha;Colletteidae;Collettea;;sp. 2;1;EBS;;;50° 39,368' N;50° 37,959' N;169° 44,368' W;169° 48,097' W;5261;5318;0.00384;245.39678;34.68712;163.88909;2.56268;7.69997;154.82903;36.81343;0.00061;1.05046;50.01093556;50.01054417;-169.0123244;-169.0133603
6_4;S Slope Aleutian Trench;ICUL16654;Apseudomorpha;Apseudidae;Leviapseudidae;;sp. 1;1;EBS;;;50° 39,368' N;50° 37,959' N;169° 44,368' W;169° 48,097' W;5261;5318;0.00384;245.39678;34.68712;163.88909;2.56268;7.69997;154.82903;36.81343;0.00061;1.05046;50.01093556;50.01054417;-169.0123244;-169.0133603
6_4;S Slope Aleutian Trench;ICUL17022;Apseudomorpha;Apseudidae;Fageapseudes;;sp. 1;1;EBS;;;50° 39,368' N;50° 37,959' N;169° 44,368' W;169° 48,097' W;5261;5318;0.00384;245.39678;34.68712;163.88909;2.56268;7.69997;154.82903;36.81343;0.00061;1.05046;50.01093556;50.01054417;-169.0123244;-169.0133603
6_4;S Slope Aleutian Trench;ICUL16801;Tanaidomorpha;Paratanaoidea incertae sedis;Exspina;;sp. 1;1;EBS;;;50° 39,368' N;50° 37,959' N;169° 44,368' W;169° 48,097' W;5261;5318;0.00384;245.39678;34.68712;163.88909;2.56268;7.69997;154.82903;36.81343;0.00061;1.05046;50.01093556;50.01054417;-169.0123244;-169.0133603
6_4;S Slope Aleutian Trench;ICUL16626;Tanaidomorpha;Cryptocopidae;Cryptocopoides;;sp. 1;1;EBS;;;50° 39,368' N;50° 37,959' N;169° 44,368' W;169° 48,097' W;5261;5318;0.00384;245.39678;34.68712;163.88909;2.56268;7.69997;154.82903;36.81343;0.00061;1.05046;50.01093556;50.01054417;-169.0123244;-169.0133603
6_4;S Slope Aleutian Trench;ICUL16805;Tanaidomorpha;Agathotanaidae;Agathotanais;;sp. 1;1;EBS;;;50° 39,368' N;50° 37,959' N;169° 44,368' W;169° 48,097' W;5261;5318;0.00384;245.39678;34.68712;163.88909;2.56268;7.69997;154.82903;36.81343;0.00061;1.05046;50.01093556;50.01054417;-169.0123244;-169.0133603
6_4;S Slope Aleutian Trench;ICUL16818;Tanaidomorpha;Typhlotanaidae;Meromonakantha;;sp. 1;1;EBS;;;50° 39,368' N;50° 37,959' N;169° 44,368' W;169° 48,097' W;5261;5318;0.00384;245.39678;34.68712;163.88909;2.56268;7.69997;154.82903;36.81343;0.00061;1.05046;50.01093556;50.01054417;-169.0123244;-169.0133603
6_4;S Slope Aleutian Trench;ICUL13536;Tanaidomorpha;Tanaellidae;Arthrura;;sp. 1;1;EBS;Epi;Livesorting;50° 39,368' N;50° 37,959' N;169° 44,368' W;169° 48,097' W;5261;5318;0.00384;245.39678;34.68712;163.88909;2.56268;7.69997;154.82903;36.81343;0.00061;1.05046;50.01093556;50.01054417;-169.0123244;-169.0133603
6_4;S Slope Aleutian Trench;ICUL13537;Tanaidomorpha;Tanaellidae;Arthrura;;sp. 1;1;EBS;Supra;300 µm;50° 39,368' N;50° 37,959' N;169° 44,368' W;169° 48,097' W;5261;5318;0.00384;245.39678;34.68712;163.88909;2.56268;7.69997;154.82903;36.81343;0.00061;1.05046;50.01093556;50.01054417;-169.0123244;-169.0133603
6_4;S Slope Aleutian Trench;ICUL13543;Tanaidomorpha;Colletteidae;Collettea;;sp. 1;1;EBS;Supra;Livesorting;50° 39,368' N;50° 37,959' N;169° 44,368' W;169° 48,097' W;5261;5318;0.00384;245.39678;34.68712;163.88909;2.56268;7.69997;154.82903;36.81343;0.00061;1.05046;50.01093556;50.01054417;-169.0123244;-169.0133603
6_4;S Slope Aleutian Trench;ICUL13461;Tanaidomorpha;Colletteidae;Collettea;;sp. 1;1;EBS;Supra;300 µm;50° 39,368' N;50° 37,959' N;169° 44,368' W;169° 48,097' W;5261;5318;0.00384;245.39678;34.68712;163.88909;2.56268;7.69997;154.82903;36.81343;0.00061;1.05046;50.01093556;50.01054417;-169.0123244;-169.0133603
6_4;S Slope Aleutian Trench;ICUL13462;Tanaidomorpha;Colletteidae;Collettea;;sp. 2;1;EBS;Supra;300 µm;50° 39,368' N;50° 37,959' N;169° 44,368' W;169° 48,097' W;5261;5318;0.00384;245.39678;34.68712;163.88909;2.56268;7.69997;154.82903;36.81343;0.00061;1.05046;50.01093556;50.01054417;-169.0123244;-169.0133603
6_4;S Slope Aleutian Trench;ICUL13539;Tanaidomorpha;Paratanaoidea incertae sedis;Leptognathioides;;sp. 1;2;EBS;Supra;300 µm;50° 39,368' N;50° 37,959' N;169° 44,368' W;169° 48,097' W;5261;5318;0.00384;245.39678;34.68712;163.88909;2.56268;7.69997;154.82903;36.81343;0.00061;1.05046;50.01093556;50.01054417;-169.0123244;-169.0133603
6_4;S Slope Aleutian Trench;ICUL13460;Apseudomorpha;Apseudidae;Leviapseudes;;sp. 1;1;EBS;Supra;300 µm;50° 39,368' N;50° 37,959' N;169° 44,368' W;169° 48,097' W;5261;5318;0.00384;245.39678;34.68712;163.88909;2.56268;7.69997;154.82903;36.81343;0.00061;1.05046;50.01093556;50.01054417;-169.0123244;-169.0133603
6_4;S Slope Aleutian Trench;ICUL16816;Tanaidomorpha;Typhlotanaidae;Torquella;;sp. 1;1;EBS;;;50° 39,368' N;50° 37,959' N;169° 44,368' W;169° 48,097' W;5261;5318;0.00384;245.39678;34.68712;163.88909;2.56268;7.69997;154.82903;36.81343;0.00061;1.05046;50.01093556;50.01054417;-169.0123244;-169.0133603
6_4;S Slope Aleutian Trench;ICUL13541;Tanaidomorpha;Pseudotanaidae;Pseudotanais;;sp. 1;1;EBS;Epi;Livesorting;50° 39,368' N;50° 37,959' N;169° 44,368' W;169° 48,097' W;5261;5318;0.00384;245.39678;34.68712;163.88909;2.56268;7.69997;154.82903;36.81343;0.00061;1.05046;50.01093556;50.01054417;-169.0123244;-169.0133603
6_4;S Slope Aleutian Trench;ICUL13544;Tanaidomorpha;Pseudotanaidae;Pseudotanais;;sp. 5;1;EBS;Supra;300 µm;50° 39,368' N;50° 37,959' N;169° 44,368' W;169° 48,097' W;5261;5318;0.00384;245.39678;34.68712;163.88909;2.56268;7.69997;154.82903;36.81343;0.00061;1.05046;50.01093556;50.01054417;-169.0123244;-169.0133603
6_4;S Slope Aleutian Trench;ICUL13538;Tanaidomorpha;Typhlotanaidae;Typhlamia;;sp. 2;1;EBS;Supra;300 µm;50° 39,368' N;50° 37,959' N;169° 44,368' W;169° 48,097' W;5261;5318;0.00384;245.39678;34.68712;163.88909;2.56268;7.69997;154.82903;36.81343;0.00061;1.05046;50.01093556;50.01054417;-169.0123244;-169.0133603
6_4;S Slope Aleutian Trench;ICUL16814;Tanaidomorpha;Typhlotanaidae;Typhlamia;;sp. 2;6;EBS;;;50° 39,368' N;50° 37,959' N;169° 44,368' W;169° 48,097' W;5261;5318;0.00384;245.39678;34.68712;163.88909;2.56268;7.69997;154.82903;36.81343;0.00061;1.05046;50.01093556;50.01054417;-169.0123244;-169.0133603
6_4;S Slope Aleutian Trench;ICUL13540;Tanaidomorpha;Caudalongidae;Univeristatotanais;;sp. 1;1;EBS;Supra;300 µm;50° 39,368' N;50° 37,959' N;169° 44,368' W;169° 48,097' W;5261;5318;0.00384;245.39678;34.68712;163.88909;2.56268;7.69997;154.82903;36.81343;0.00061;1.05046;50.01093556;50.01054417;-169.0123244;-169.0133603
6_4;S Slope Aleutian Trench;ICUL16819;Tanaidomorpha;Typhlotanaidae;Typhlamia;;sp. 2;1;EBS;;;50° 39,368' N;50° 37,959' N;169° 44,368' W;169° 48,097' W;5261;5318;0.00384;245.39678;34.68712;163.88909;2.56268;7.69997;154.82903;36.81343;0.00061;1.05046;50.01093556;50.01054417;-169.0123244;-169.0133603
6_4;S Slope Aleutian Trench;ICUL16815;Tanaidomorpha;Pseudotanaidae;Pseudotanais;;sp. 1;1;EBS;;;50° 39,368' N;50° 37,959' N;169° 44,368' W;169° 48,097' W;5261;5318;0.00384;245.39678;34.68712;163.88909;2.56268;7.69997;154.82903;36.81343;0.00061;1.05046;50.01093556;50.01054417;-169.0123244;-169.0133603
6_4;S Slope Aleutian Trench;ICUL16634;Tanaidomorpha;Caudalongidae;Univeristatotanais;;sp. 1;1;EBS;Supra;300 µm;50° 39,368' N;50° 37,959' N;169° 44,368' W;169° 48,097' W;5261;5318;0.00384;245.39678;34.68712;163.88909;2.56268;7.69997;154.82903;36.81343;0.00061;1.05046;50.01093556;50.01054417;-169.0123244;-169.0133603
6_4;S Slope Aleutian Trench;ICUL16817;Tanaidomorpha;Typhlotanaidae;Typhlotanais;plebejus;sp. 1;2;EBS;;;50° 39,368' N;50° 37,959' N;169° 44,368' W;169° 48,097' W;5261;5318;0.00384;245.39678;34.68712;163.88909;2.56268;7.69997;154.82903;36.81343;0.00061;1.05046;50.01093556;50.01054417;-169.0123244;-169.0133603
6_5;S Slope Aleutian Trench;ICUL16616;Tanaidomorpha;Agathotanaidae;Paragathotanais;;sp. 3;1;BC;;;50° 37.933' N;;169° 48.071' W;;5315;;0.00384;245.39678;34.68712;163.88909;2.56268;7.69997;154.82903;36.81343;0.00061;1.05046;50.01053694;;-169.0133531;
6_5;S Slope Aleutian Trench;ICUL16674;Tanaidomorpha;Paratanaoidea incertae sedis;Robustochelia;;sp. 1;1;BC;;;50° 37.933' N;;169° 48.071' W;;5315;;0.00384;245.39678;34.68712;163.88909;2.56268;7.69997;154.82903;36.81343;0.00061;1.05046;50.01053694;;-169.0133531;
6_5;S Slope Aleutian Trench;ICUL16778;Tanaidomorpha;Akanthophoreidae;Akanthophoreus;;sp. 1;1;BC;;;50° 37.933' N;;169° 48.071' W;;5315;;0.00384;245.39678;34.68712;163.88909;2.56268;7.69997;154.82903;36.81343;0.00061;1.05046;50.01053694;;-169.0133531;
6_5;S Slope Aleutian Trench;ICUL10720;Tanaidomorpha;Colletteidae;Collettea;;sp. 2;1;BC;;;50° 37.933' N;;169° 48.071' W;;5315;;0.00384;245.39678;34.68712;163.88909;2.56268;7.69997;154.82903;36.81343;0.00061;1.05046;50.01053694;;-169.0133531;
6_5;S Slope Aleutian Trench;ICUL16675;Tanaidomorpha;Paratanaoidea incertae sedis;Robustochelia;;sp. 1;1;BC;;;50° 37.933' N;;169° 48.071' W;;5315;;0.00384;245.39678;34.68712;163.88909;2.56268;7.69997;154.82903;36.81343;0.00061;1.05046;50.01053694;;-169.0133531;
6_5;S Slope Aleutian Trench;ICUL16653;Apseudomorpha;Apseudidae;Fageapseudes;;sp. 1;1;BC;;;50° 37.933' N;;169° 48.071' W;;5315;;0.00384;245.39678;34.68712;163.88909;2.56268;7.69997;154.82903;36.81343;0.00061;1.05046;50.01053694;;-169.0133531;
6_8;S Slope Aleutian Trench;ICUL17014;Tanaidomorpha;Tanaellidae;Arthrura;;sp. 1;1;EBS;;;50° 39,337' N;50° 38,253' N;169° 45,744' W;169° 50,390' W;5263;5330;0.00384;245.39678;34.68712;163.88909;2.56268;7.69997;154.82903;36.81343;0.00061;1.05046;50.01092694;50.01062583;-169.0127067;-169.0139972
6_8;S Slope Aleutian Trench;ICUL13476;Tanaidomorpha;Paranarthrurellidae;Armatognathia;;sp. 1;1;EBS;Supra;300 µm;50° 39,337' N;50° 38,253' N;169° 45,744' W;169° 50,390' W;5263;5330;0.00384;245.39678;34.68712;163.88909;2.56268;7.69997;154.82903;36.81343;0.00061;1.05046;50.01092694;50.01062583;-169.0127067;-169.0139972
6_8;S Slope Aleutian Trench;ICUL13477;Tanaidomorpha;Paranarthrurellidae;Armatognathia;;sp. 1;1;EBS;Epi;300 µm;50° 39,337' N;50° 38,253' N;169° 45,744' W;169° 50,390' W;5263;5330;0.00384;245.39678;34.68712;163.88909;2.56268;7.69997;154.82903;36.81343;0.00061;1.05046;50.01092694;50.01062583;-169.0127067;-169.0139972
6_8;S Slope Aleutian Trench;ICUL13482;Tanaidomorpha;Tanaellidae;Arthrura;;sp. 1;1;EBS;Epi-Ü;500 µm;50° 39,337' N;50° 38,253' N;169° 45,744' W;169° 50,390' W;5263;5330;0.00384;245.39678;34.68712;163.88909;2.56268;7.69997;154.82903;36.81343;0.00061;1.05046;50.01092694;50.01062583;-169.0127067;-169.0139972
6_8;S Slope Aleutian Trench;ICUL13474;Tanaidomorpha;Paratanaoidea incertae sedis;Insociabilitanais;;sp. 1;1;EBS;Epi;Livesorting;50° 39,337' N;50° 38,253' N;169° 45,744' W;169° 50,390' W;5263;5330;0.00384;245.39678;34.68712;163.88909;2.56268;7.69997;154.82903;36.81343;0.00061;1.05046;50.01092694;50.01062583;-169.0127067;-169.0139972
6_8;S Slope Aleutian Trench;ICUL13480;Tanaidomorpha;Colletteidae;Leptognathiella;;sp. 2;2;EBS;Epi;Livesorting;50° 39,337' N;50° 38,253' N;169° 45,744' W;169° 50,390' W;5263;5330;0.00384;245.39678;34.68712;163.88909;2.56268;7.69997;154.82903;36.81343;0.00061;1.05046;50.01092694;50.01062583;-169.0127067;-169.0139972
6_8;S Slope Aleutian Trench;ICUL13471;Tanaidomorpha;Colletteidae;Leptognathiella;;sp. 1;1;EBS;Supra;300 µm;50° 39,337' N;50° 38,253' N;169° 45,744' W;169° 50,390' W;5263;5330;0.00384;245.39678;34.68712;163.88909;2.56268;7.69997;154.82903;36.81343;0.00061;1.05046;50.01092694;50.01062583;-169.0127067;-169.0139972
6_8;S Slope Aleutian Trench;ICUL13478;Tanaidomorpha;Paratanaoidea incertae sedis;Leptognathioides;;sp. 1;1;EBS;Epi;300 µm;50° 39,337' N;50° 38,253' N;169° 45,744' W;169° 50,390' W;5263;5330;0.00384;245.39678;34.68712;163.88909;2.56268;7.69997;154.82903;36.81343;0.00061;1.05046;50.01092694;50.01062583;-169.0127067;-169.0139972
6_8;S Slope Aleutian Trench;ICUL13473;Tanaidomorpha;Agathotanaidae;Paranarthrura;;sp. 1;1;EBS;Epi;Livesorting;50° 39,337' N;50° 38,253' N;169° 45,744' W;169° 50,390' W;5263;5330;0.00384;245.39678;34.68712;163.88909;2.56268;7.69997;154.82903;36.81343;0.00061;1.05046;50.01092694;50.01062583;-169.0127067;-169.0139972
6_8;S Slope Aleutian Trench;ICUL16085;Tanaidomorpha;Typhlotanaidae;Starkus;;sp. 2;1;EBS;;;50° 39,337' N;50° 38,253' N;169° 45,744' W;169° 50,390' W;5263;5330;0.00384;245.39678;34.68712;163.88909;2.56268;7.69997;154.82903;36.81343;0.00061;1.05046;50.01092694;50.01062583;-169.0127067;-169.0139972
6_8;S Slope Aleutian Trench;ICUL13467;Tanaidomorpha;Typhlotanaidae;Typhlamia;;sp. 2;4;EBS;Supra;300 µm;50° 39,337' N;50° 38,253' N;169° 45,744' W;169° 50,390' W;5263;5330;0.00384;245.39678;34.68712;163.88909;2.56268;7.69997;154.82903;36.81343;0.00061;1.05046;50.01092694;50.01062583;-169.0127067;-169.0139972
6_8;S Slope Aleutian Trench;ICUL13468;Tanaidomorpha;Pseudotanaidae;Pseudotanais;;sp. 5;2;EBS;Epi;Livesorting;50° 39,337' N;50° 38,253' N;169° 45,744' W;169° 50,390' W;5263;5330;0.00384;245.39678;34.68712;163.88909;2.56268;7.69997;154.82903;36.81343;0.00061;1.05046;50.01092694;50.01062583;-169.0127067;-169.0139972
6_8;S Slope Aleutian Trench;ICUL13475;Tanaidomorpha;Agathotanaidae;stet.;;sp. 1;1;EBS;Supra;300 µm;50° 39,337' N;50° 38,253' N;169° 45,744' W;169° 50,390' W;5263;5330;0.00384;245.39678;34.68712;163.88909;2.56268;7.69997;154.82903;36.81343;0.00061;1.05046;50.01092694;50.01062583;-169.0127067;-169.0139972
6_8;S Slope Aleutian Trench;ICUL13479;Tanaidomorpha;Pseudotanaidae;Pseudotanais;;sp. 4;1;EBS;Epi;Livesorting;50° 39,337' N;50° 38,253' N;169° 45,744' W;169° 50,390' W;5263;5330;0.00384;245.39678;34.68712;163.88909;2.56268;7.69997;154.82903;36.81343;0.00061;1.05046;50.01092694;50.01062583;-169.0127067;-169.0139972
6_8;S Slope Aleutian Trench;ICUL13486;Tanaidomorpha;Typhlotanaidae;Typhlamia;;sp. 2;1;EBS;Epi;300 µm;50° 39,337' N;50° 38,253' N;169° 45,744' W;169° 50,390' W;5263;5330;0.00384;245.39678;34.68712;163.88909;2.56268;7.69997;154.82903;36.81343;0.00061;1.05046;50.01092694;50.01062583;-169.0127067;-169.0139972
6_8;S Slope Aleutian Trench;ICUL13465;Tanaidomorpha;Typhlotanaidae;Typhlamia;;sp. 2;2;EBS;Epi-Ü;500 µm;50° 39,337' N;50° 38,253' N;169° 45,744' W;169° 50,390' W;5263;5330;0.00384;245.39678;34.68712;163.88909;2.56268;7.69997;154.82903;36.81343;0.00061;1.05046;50.01092694;50.01062583;-169.0127067;-169.0139972
6_8;S Slope Aleutian Trench;ICUL16084;Tanaidomorpha;Typhlotanaidae;Typhlamia;;sp. 1;1;EBS;;;50° 39,337' N;50° 38,253' N;169° 45,744' W;169° 50,390' W;5263;5330;0.00384;245.39678;34.68712;163.88909;2.56268;7.69997;154.82903;36.81343;0.00061;1.05046;50.01092694;50.01062583;-169.0127067;-169.0139972
6_8;S Slope Aleutian Trench;ICUL13470;Tanaidomorpha;Colletteidae;Collettea;;sp. 1;1;EBS;;;50° 39,337' N;50° 38,253' N;169° 45,744' W;169° 50,390' W;5263;5330;0.00384;245.39678;34.68712;163.88909;2.56268;7.69997;154.82903;36.81343;0.00061;1.05046;50.01092694;50.01062583;-169.0127067;-169.0139972
6_8;S Slope Aleutian Trench;ICUL16091;Tanaidomorpha;Colletteidae;Leptognathiella;;sp. 3;1;EBS;;;50° 39,337' N;50° 38,253' N;169° 45,744' W;169° 50,390' W;5263;5330;0.00384;245.39678;34.68712;163.88909;2.56268;7.69997;154.82903;36.81343;0.00061;1.05046;50.01092694;50.01062583;-169.0127067;-169.0139972
6_8;S Slope Aleutian Trench;ICUL13481;Tanaidomorpha;Typhlotanaidae;Typhlotanais;spinicauda;sp. 1;1;EBS;Epi;Livesorting;50° 39,337' N;50° 38,253' N;169° 45,744' W;169° 50,390' W;5263;5330;0.00384;245.39678;34.68712;163.88909;2.56268;7.69997;154.82903;36.81343;0.00061;1.05046;50.01092694;50.01062583;-169.0127067;-169.0139972
6_8;S Slope Aleutian Trench;ICUL13466;Tanaidomorpha;Typhlotanaidae;Typhlotanais;spinicauda;sp. 1;1;EBS;Supra;Livesorting;50° 39,337' N;50° 38,253' N;169° 45,744' W;169° 50,390' W;5263;5330;0.00384;245.39678;34.68712;163.88909;2.56268;7.69997;154.82903;36.81343;0.00061;1.05046;50.01092694;50.01062583;-169.0127067;-169.0139972
6_8;S Slope Aleutian Trench;ICUL16792;Apseudomorpha;Apseudidae;Fageapseudes;;sp. 1;2;EBS;;;50° 39,337' N;50° 38,253' N;169° 45,744' W;169° 50,390' W;5263;5330;0.00384;245.39678;34.68712;163.88909;2.56268;7.69997;154.82903;36.81343;0.00061;1.05046;50.01092694;50.01062583;-169.0127067;-169.0139972
6_8;S Slope Aleutian Trench;ICUL13469;Tanaidomorpha;Typhlotanaidae;Typhlotanais;plicatus;sp. 1;1;EBS;Epi;Livesorting;50° 39,337' N;50° 38,253' N;169° 45,744' W;169° 50,390' W;5263;5330;0.00384;245.39678;34.68712;163.88909;2.56268;7.69997;154.82903;36.81343;0.00061;1.05046;50.01092694;50.01062583;-169.0127067;-169.0139972
6_8;S Slope Aleutian Trench;ICUL13472;Tanaidomorpha;Typhlotanaidae;Typhlotanais;plebejus;sp. 1;1;EBS;Epi;Livesorting;50° 39,337' N;50° 38,253' N;169° 45,744' W;169° 50,390' W;5263;5330;0.00384;245.39678;34.68712;163.88909;2.56268;7.69997;154.82903;36.81343;0.00061;1.05046;50.01092694;50.01062583;-169.0127067;-169.0139972
7_3;Hadal;ICUL13488;Tanaidomorpha;Agathotanaidae;stet.;;sp. 1;1;EBS;;;51° 30,074' N;51° 32,858' N;168° 49,361' W;168° 53,825' W;7195;7214;0.01799;63.48596;34.68747;161.98258;2.55598;7.67539;155.46682;36.73442;0.00061;1.03860;51.00835389;51.00912722;-168.0137114;-168.0149514
7_8;Hadal;ICUL13492;Tanaidomorpha;Paratanaoidea incertae sedis;Singula;;sp. 1;1;EBS;Epi;300 µm;51° 20,738' N;51° 21,833' N;168° 52,891' W;168° 58,685' W;6499;6598;0.01799;63.48596;34.68747;161.98258;2.55598;7.67539;155.46682;36.73442;0.00061;1.03860;51.00576056;51.00606472;-168.0146919;-168.0163014
7_8;Hadal;ICUL13491;Tanaidomorpha;Agathotanaidae;Paranarthrura;;sp. 1;2;EBS;Epi;300 µm;51° 20,738' N;51° 21,833' N;168° 52,891' W;168° 58,685' W;6499;6598;0.01799;63.48596;34.68747;161.98258;2.55598;7.67539;155.46682;36.73442;0.00061;1.03860;51.00576056;51.00606472;-168.0146919;-168.0163014
7_9;Hadal;ICUL16658;Tanaidomorpha;Colletteidae;Leptognathiopsis;;sp. 2;1;BC;;;51° 21.987' N;;168° 56.582' W;;6556;;0.01799;63.48596;34.68747;161.98258;2.55598;7.67539;155.46682;36.73442;0.00061;1.03860;51.0061075;;-168.0157172;
7_9;Hadal;ICUL16721;Tanaidomorpha;Pseudotanaidae;Pseudotanais;;sp. 1;3;BC;;;51° 21.987' N;;168° 56.582' W;;6556;;0.01799;63.48596;34.68747;161.98258;2.55598;7.67539;155.46682;36.73442;0.00061;1.03860;51.0061075;;-168.0157172;
7_9;Hadal;ICUL16672;Tanaidomorpha;Paratanaoidea incertae sedis;Leptognathioides;;sp. 1;1;BC;;;51° 21.987' N;;168° 56.582' W;;6556;;0.01799;63.48596;34.68747;161.98258;2.55598;7.67539;155.46682;36.73442;0.00061;1.03860;51.0061075;;-168.0157172;
8_4;"N Slope Aleutian Trench

";ICUL13499;Tanaidomorpha;Leptognathiidae;Forcipatia;;sp. 1;1;EBS;Epi;300 µm;52° 22,371' N;52° 21,966' N;167° 02,034' W;167° 06,448' W;4544;4608;0.00865;244.58094;34.68444;160.12901;2.56968;7.72300;153.84814;36.95663;0.00060;1.07545;52.00621417;52.00610167;-167.000565;-167.0017911
8_4;"N Slope Aleutian Trench

";ICUL13418;Tanaidomorpha;Leptognathiidae;Leptognathia;;sp. 1;1;EBS;Epi;300 µm;52° 22,371' N;52° 21,966' N;167° 02,034' W;167° 06,448' W;4544;4608;0.00865;244.58094;34.68444;160.12901;2.56968;7.72300;153.84814;36.95663;0.00060;1.07545;52.00621417;52.00610167;-167.000565;-167.0017911
8_4;"N Slope Aleutian Trench

";ICUL13502;Tanaidomorpha;Typhlotanaidae;Starkus;;sp. 1;1;EBS;Epi;300 µm;52° 22,371' N;52° 21,966' N;167° 02,034' W;167° 06,448' W;4544;4608;0.00865;244.58094;34.68444;160.12901;2.56968;7.72300;153.84814;36.95663;0.00060;1.07545;52.00621417;52.00610167;-167.000565;-167.0017911
8_4;"N Slope Aleutian Trench

";ICUL13424;Tanaidomorpha;Agathotanaidae;Paranarthrura;;sp. 1;1;EBS;Epi;300 µm;52° 22,371' N;52° 21,966' N;167° 02,034' W;167° 06,448' W;4544;4608;0.00865;244.58094;34.68444;160.12901;2.56968;7.72300;153.84814;36.95663;0.00060;1.07545;52.00621417;52.00610167;-167.000565;-167.0017911
8_4;"N Slope Aleutian Trench

";ICUL13417;Tanaidomorpha;Agathotanaidae;Paranarthrura;;sp. 1;1;EBS;Epi;300 µm;52° 22,371' N;52° 21,966' N;167° 02,034' W;167° 06,448' W;4544;4608;0.00865;244.58094;34.68444;160.12901;2.56968;7.72300;153.84814;36.95663;0.00060;1.07545;52.00621417;52.00610167;-167.000565;-167.0017911
8_4;"N Slope Aleutian Trench

";ICUL13419;Tanaidomorpha;Paratanaoidea incertae sedis;Singula;;sp. 1;1;EBS;Epi;300 µm;52° 22,371' N;52° 21,966' N;167° 02,034' W;167° 06,448' W;4544;4608;0.00865;244.58094;34.68444;160.12901;2.56968;7.72300;153.84814;36.95663;0.00060;1.07545;52.00621417;52.00610167;-167.000565;-167.0017911
8_4;"N Slope Aleutian Trench

";ICUL15900;Tanaidomorpha;Pseudotanaidae;Pseudotanais;;sp. 1;1;EBS;Epi;300 µm;52° 22,371' N;52° 21,966' N;167° 02,034' W;167° 06,448' W;4544;4608;0.00865;244.58094;34.68444;160.12901;2.56968;7.72300;153.84814;36.95663;0.00060;1.07545;52.00621417;52.00610167;-167.000565;-167.0017911
8_4;"N Slope Aleutian Trench

";ICUL13498;Tanaidomorpha;Pseudotanaidae;Pseudotanais;;sp. 6;1;EBS;Epi;Livesorting;52° 22,371' N;52° 21,966' N;167° 02,034' W;167° 06,448' W;4544;4608;0.00865;244.58094;34.68444;160.12901;2.56968;7.72300;153.84814;36.95663;0.00060;1.07545;52.00621417;52.00610167;-167.000565;-167.0017911
8_4;"N Slope Aleutian Trench

";ICUL13497;Tanaidomorpha;Caudalongidae;Univeristatotanais;;sp. 1;1;EBS;Epi;Livesorting;52° 22,371' N;52° 21,966' N;167° 02,034' W;167° 06,448' W;4544;4608;0.00865;244.58094;34.68444;160.12901;2.56968;7.72300;153.84814;36.95663;0.00060;1.07545;52.00621417;52.00610167;-167.000565;-167.0017911
8_4;"N Slope Aleutian Trench

";ICUL13501;Tanaidomorpha;Caudalongidae;Univeristatotanais;;sp. 1;3;EBS;Epi;300 µm;52° 22,371' N;52° 21,966' N;167° 02,034' W;167° 06,448' W;4544;4608;0.00865;244.58094;34.68444;160.12901;2.56968;7.72300;153.84814;36.95663;0.00060;1.07545;52.00621417;52.00610167;-167.000565;-167.0017911
8_5;"N Slope Aleutian Trench

";ICUL16614;Tanaidomorpha;Colletteidae;Haplocope;;sp. 1;1;BC;;;52° 21.964' N;;167° 05.251' W;;4611;;0.00865;244.58094;34.68444;160.12901;2.56968;7.72300;153.84814;36.95663;0.00060;1.07545;52.00610111;;-167.0014586;
8_5;"N Slope Aleutian Trench

";ICUL16724;Tanaidomorpha;Pseudotanaidae;Pseudotanais;;sp. 5;2;BC;;;52° 21.964' N;;167° 05.251' W;;4611;;0.00865;244.58094;34.68444;160.12901;2.56968;7.72300;153.84814;36.95663;0.00060;1.07545;52.00610111;;-167.0014586;
8_5;"N Slope Aleutian Trench

";ICUL16724;Tanaidomorpha;Pseudotanaidae;Pseudotanais;;sp. 1;1;BC;;;52° 21.964' N;;167° 05.251' W;;4611;;0.00865;244.58094;34.68444;160.12901;2.56968;7.72300;153.84814;36.95663;0.00060;1.07545;52.00610111;;-167.0014586;
8_5;"N Slope Aleutian Trench

";ICUL16630;Tanaidomorpha;Agathotanaidae;Paragathotanais;;sp. 1;1;BC;;;52° 21.964' N;;167° 05.251' W;;4611;;0.00865;244.58094;34.68444;160.12901;2.56968;7.72300;153.84814;36.95663;0.00060;1.07545;52.00610111;;-167.0014586;
8_5;"N Slope Aleutian Trench

";ICUL16644;Tanaidomorpha;Agathotanaidae;Paranarthrura;;sp. 1;1;BC;;;52° 21.964' N;;167° 05.251' W;;4611;;0.00865;244.58094;34.68444;160.12901;2.56968;7.72300;153.84814;36.95663;0.00060;1.07545;52.00610111;;-167.0014586;
8_5;"N Slope Aleutian Trench

";ICUL16623;Tanaidomorpha;Colletteidae;Leptognathiella;;sp. 1;1;BC;;;52° 21.964' N;;167° 05.251' W;;4611;;0.00865;244.58094;34.68444;160.12901;2.56968;7.72300;153.84814;36.95663;0.00060;1.07545;52.00610111;;-167.0014586;
8_5;"N Slope Aleutian Trench

";ICUL16646;Tanaidomorpha;Agathotanaidae;Paranarthrura;;sp. 1;1;BC;;;52° 21.964' N;;167° 05.251' W;;4611;;0.00865;244.58094;34.68444;160.12901;2.56968;7.72300;153.84814;36.95663;0.00060;1.07545;52.00610111;;-167.0014586;
8_5;"N Slope Aleutian Trench

";ICUL16707; Tanaidomorpha;Akanthophoreidae;Paraleptognathia;;sp. 1;1;BC;;;52° 21.964' N;;167° 05.251' W;;4611;;0.00865;244.58094;34.68444;160.12901;2.56968;7.72300;153.84814;36.95663;0.00060;1.07545;52.00610111;;-167.0014586;
8_5;"N Slope Aleutian Trench

";ICUL16776; Tanaidomorpha;Colletteidae;Leptognathiopsis;;sp. 2;1;BC;;;52° 21.964' N;;167° 05.251' W;;4611;;0.00865;244.58094;34.68444;160.12901;2.56968;7.72300;153.84814;36.95663;0.00060;1.07545;52.00610111;;-167.0014586;
8_8;"N Slope Aleutian Trench

";ICUL16636; Tanaidomorpha;Colletteidae;Leptognathiella;;sp. 5;1;EBS;Epi;300 µm;52° 22,380' N;52° 22,372' N;167° 02,105' W;167° 06,628' W;4541;4586;0.00865;244.58094;34.68444;160.12901;2.56968;7.72300;153.84814;36.95663;0.00060;1.07545;52.00621667;52.00621444;-167.0005847;-167.0018411
8_8;"N Slope Aleutian Trench

";ICUL16641;Tanaidomorpha;Agathotanaidae;Paranarthrura;;sp. 1;3;EBS;;;52° 22,380' N;52° 22,372' N;167° 02,105' W;167° 06,628' W;4541;4586;0.00865;244.58094;34.68444;160.12901;2.56968;7.72300;153.84814;36.95663;0.00060;1.07545;52.00621667;52.00621444;-167.0005847;-167.0018411
8_8;"N Slope Aleutian Trench

";ICUL16649;Tanaidomorpha;Colletteidae;Leptognathiella;;sp. 5;1;EBS;;;52° 22,380' N;52° 22,372' N;167° 02,105' W;167° 06,628' W;4541;4586;0.00865;244.58094;34.68444;160.12901;2.56968;7.72300;153.84814;36.95663;0.00060;1.07545;52.00621667;52.00621444;-167.0005847;-167.0018411
8_8;"N Slope Aleutian Trench

";ICUL13429;Tanaidomorpha;Paratanaoidea incertae sedis;Insociabilitanais;;sp. 1;1;EBS;Epi;300 µm;52° 22,380' N;52° 22,372' N;167° 02,105' W;167° 06,628' W;4541;4586;0.00865;244.58094;34.68444;160.12901;2.56968;7.72300;153.84814;36.95663;0.00060;1.07545;52.00621667;52.00621444;-167.0005847;-167.0018411
8_8;"N Slope Aleutian Trench

";ICUL13493;Tanaidomorpha;Paratanaoidea incertae sedis;Insociabilitanais;;sp. 1;1;EBS;Epi;Livesorting;52° 22,380' N;52° 22,372' N;167° 02,105' W;167° 06,628' W;4541;4586;0.00865;244.58094;34.68444;160.12901;2.56968;7.72300;153.84814;36.95663;0.00060;1.07545;52.00621667;52.00621444;-167.0005847;-167.0018411
8_8;"N Slope Aleutian Trench

";ICUL13494;Tanaidomorpha;Colletteidae;Leptognathiella;;sp. 2;1;EBS;Epi;Livesorting;52° 22,380' N;52° 22,372' N;167° 02,105' W;167° 06,628' W;4541;4586;0.00865;244.58094;34.68444;160.12901;2.56968;7.72300;153.84814;36.95663;0.00060;1.07545;52.00621667;52.00621444;-167.0005847;-167.0018411
8_8;"N Slope Aleutian Trench

";ICUL13432;Tanaidomorpha;Agathotanaidae;Paranarthrura;;sp. 1;1;EBS;Epi;300 µm;52° 22,380' N;52° 22,372' N;167° 02,105' W;167° 06,628' W;4541;4586;0.00865;244.58094;34.68444;160.12901;2.56968;7.72300;153.84814;36.95663;0.00060;1.07545;52.00621667;52.00621444;-167.0005847;-167.0018411
8_8;"N Slope Aleutian Trench

";ICUL13431;Tanaidomorpha;Paratanaoidea incertae sedis;Singula;;sp. 1;2;EBS;Epi;300 µm;52° 22,380' N;52° 22,372' N;167° 02,105' W;167° 06,628' W;4541;4586;0.00865;244.58094;34.68444;160.12901;2.56968;7.72300;153.84814;36.95663;0.00060;1.07545;52.00621667;52.00621444;-167.0005847;-167.0018411
8_8;"N Slope Aleutian Trench

";ICUL15901;Tanaidomorpha;Pseudotanaidae;Pseudotanais;;sp. 3;1;EBS;Epi;300 µm;52° 22,380' N;52° 22,372' N;167° 02,105' W;167° 06,628' W;4541;4586;0.00865;244.58094;34.68444;160.12901;2.56968;7.72300;153.84814;36.95663;0.00060;1.07545;52.00621667;52.00621444;-167.0005847;-167.0018411
8_8;"N Slope Aleutian Trench

";ICUL15902;Tanaidomorpha;Pseudotanaidae;Pseudotanais;;sp. 1;1;EBS;Epi;300 µm;52° 22,380' N;52° 22,372' N;167° 02,105' W;167° 06,628' W;4541;4586;0.00865;244.58094;34.68444;160.12901;2.56968;7.72300;153.84814;36.95663;0.00060;1.07545;52.00621667;52.00621444;-167.0005847;-167.0018411
8_8;"N Slope Aleutian Trench

";ICUL13495;Tanaidomorpha;Pseudotanaidae;Pseudotanais;;sp. 2;1;EBS;Epi;Livesorting;52° 22,380' N;52° 22,372' N;167° 02,105' W;167° 06,628' W;4541;4586;0.00865;244.58094;34.68444;160.12901;2.56968;7.72300;153.84814;36.95663;0.00060;1.07545;52.00621667;52.00621444;-167.0005847;-167.0018411
8_8;"N Slope Aleutian Trench

";ICUL13428;Tanaidomorpha;Caudalongidae;Univeristatotanais;;sp. 1;2;EBS;Epi;300 µm;52° 22,380' N;52° 22,372' N;167° 02,105' W;167° 06,628' W;4541;4586;0.00865;244.58094;34.68444;160.12901;2.56968;7.72300;153.84814;36.95663;0.00060;1.07545;52.00621667;52.00621444;-167.0005847;-167.0018411
8_8;"N Slope Aleutian Trench

";ICUL16811;Tanaidomorpha;Paratanaoidea incertae sedis;Insociabilitanais;;sp. 1;1;EBS;Epi;Livesorting;52° 22,380' N;52° 22,372' N;167° 02,105' W;167° 06,628' W;4541;4586;0.00865;244.58094;34.68444;160.12901;2.56968;7.72300;153.84814;36.95663;0.00060;1.07545;52.00621667;52.00621444;-167.0005847;-167.0018411
8_8;"N Slope Aleutian Trench

";ICUL16089;Tanaidomorpha;Leptognathiidae;Leptognathiella;;sp. 1;1;EBS;;;52° 22,380' N;52° 22,372' N;167° 02,105' W;167° 06,628' W;4541;4586;0.00865;244.58094;34.68444;160.12901;2.56968;7.72300;153.84814;36.95663;0.00060;1.07545;52.00621667;52.00621444;-167.0005847;-167.0018411
8_8;"N Slope Aleutian Trench

";ICUL16655;Tanaidomorpha;Paratanaoidea incertae sedis;Insociabilitanais;;sp. 1;1;EBS;Epi;Livesorting;52° 22,380' N;52° 22,372' N;167° 02,105' W;167° 06,628' W;4541;4586;0.00865;244.58094;34.68444;160.12901;2.56968;7.72300;153.84814;36.95663;0.00060;1.07545;52.00621667;52.00621444;-167.0005847;-167.0018411
9_11;Hadal;ICUL16723; Tanaidomorpha;Akanthophoreidae;Stenotanais;;sp. 2;1;BC;;;51° 54.493' N;;166° 51.842' W;;6500;;0.01079;63.08262;34.68727;161.88395;2.55638;7.67412;155.35802;36.75818;0.00061;1.04168;51.01513694;;-166.0144006;
9_11;Hadal;ICUL16631; Tanaidomorpha;Agathotanaidae;Paragathotanais;;sp. 2;1;BC;;;51° 54.493' N;;166° 51.842' W;;6500;;0.01079;63.08262;34.68727;161.88395;2.55638;7.67412;155.35802;36.75818;0.00061;1.04168;51.01513694;;-166.0144006;
9_12;Hadal;ICUL13451;Tanaidomorpha;Agathotanaidae;Paragathotanais;;sp. 2;1;EBS;Epi;Livesorting;51° 56,829' N;51° 54,352' N;166° 54,948' W;166° 51,552' W;6954;6487;0.01079;63.08262;34.68727;161.88395;2.55638;7.67412;155.35802;36.75818;0.00061;1.04168;51.01578583;51.01509778;-166.0152633;-166.01432
9_12;Hadal;ICUL13437;Tanaidomorpha;Pseudotanaidae;Pseudotanais;;sp. 5;1;EBS;Epi;Livesorting;51° 56,829' N;51° 54,352' N;166° 54,948' W;166° 51,552' W;6954;6487;0.01079;63.08262;34.68727;161.88395;2.55638;7.67412;155.35802;36.75818;0.00061;1.04168;51.01578583;51.01509778;-166.0152633;-166.01432
9_3;Hadal;ICUL13456;Tanaidomorpha;Anarthruridae;stet.;;sp. 1;4;EBS;Supra;300 µm;52° 00,615' N;52° 04,020' N;166° 45,888' W;166° 49,064' W;7134;7142;0.01079;63.08262;34.68727;161.88395;2.55638;7.67412;155.35802;36.75818;0.00061;1.04168;52.00017083;52.00111667;-166.0127467;-166.0136289
9_8;Hadal;ICUL16627;Tanaidomorpha;Cryptocopidae;Cryptocopoides;;sp. 1;1;EBS;;;52° 09,170' N;52° 09,436' N;166° 53,494' W;166° 59,011' W;6503;6487;0.01079;63.08262;34.68727;161.88395;2.55638;7.67412;155.35802;36.75818;0.00061;1.04168;52.00254722;52.00262111;-166.0148594;-166.0163919
9_8;Hadal;ICUL16695;Tanaidomorpha;Akanthophoreidae;Saurotipleona?;;sp. 1;1;EBS;;;52° 09,170' N;52° 09,436' N;166° 53,494' W;166° 59,011' W;6503;6487;0.01079;63.08262;34.68727;161.88395;2.55638;7.67412;155.35802;36.75818;0.00061;1.04168;52.00254722;52.00262111;-166.0148594;-166.0163919
9_8;Hadal;ICUL16696;Tanaidomorpha;Pseudotanaidae;Pseudotanais;;sp. 6;1;EBS;;;52° 09,170' N;52° 09,436' N;166° 53,494' W;166° 59,011' W;6503;6487;0.01079;63.08262;34.68727;161.88395;2.55638;7.67412;155.35802;36.75818;0.00061;1.04168;52.00254722;52.00262111;-166.0148594;-166.0163919
9_8;Hadal;ICUL12924;Tanaidomorpha;Akanthophoreidae;Chauliopleona;;sp. 1;1;EBS;Epi;Livesorting;52° 09,170' N;52° 09,436' N;166° 53,494' W;166° 59,011' W;6503;6487;0.01079;63.08262;34.68727;161.88395;2.55638;7.67412;155.35802;36.75818;0.00061;1.04168;52.00254722;52.00262111;-166.0148594;-166.0163919
9_8;Hadal;ICUL13453;Tanaidomorpha;Cryptocopidae;Cryptocopoides;;sp. 1;1;EBS;Epi;300 µm;52° 09,170' N;52° 09,436' N;166° 53,494' W;166° 59,011' W;6503;6487;0.01079;63.08262;34.68727;161.88395;2.55638;7.67412;155.35802;36.75818;0.00061;1.04168;52.00254722;52.00262111;-166.0148594;-166.0163919
9_8;Hadal;ICUL13454;Tanaidomorpha;Agathotanaidae;Paragathotanais;;sp. 2;1;EBS;Epi;300 µm;52° 09,170' N;52° 09,436' N;166° 53,494' W;166° 59,011' W;6503;6487;0.01079;63.08262;34.68727;161.88395;2.55638;7.67412;155.35802;36.75818;0.00061;1.04168;52.00254722;52.00262111;-166.0148594;-166.0163919
9_8;Hadal;ICUL13449;Tanaidomorpha;Pseudotanaidae;Pseudotanais;;sp. 3;1;EBS;Supra;300 µm;52° 09,170' N;52° 09,436' N;166° 53,494' W;166° 59,011' W;6503;6487;0.01079;63.08262;34.68727;161.88395;2.55638;7.67412;155.35802;36.75818;0.00061;1.04168;52.00254722;52.00262111;-166.0148594;-166.0163919
9_8;Hadal;ICUL13449;Tanaidomorpha;Pseudotanaidae;Pseudotanais;;sp. 5;1;EBS;Supra;300 µm;52° 09,170' N;52° 09,436' N;166° 53,494' W;166° 59,011' W;6503;6487;0.01079;63.08262;34.68727;161.88395;2.55638;7.67412;155.35802;36.75818;0.00061;1.04168;52.00254722;52.00262111;-166.0148594;-166.0163919
9_8;Hadal;ICUL13450;Tanaidomorpha;Pseudotanaidae;Pseudotanais;;sp. 5;1;EBS;Epi;Livesorting;52° 09,170' N;52° 09,436' N;166° 53,494' W;166° 59,011' W;6503;6487;0.01079;63.08262;34.68727;161.88395;2.55638;7.67412;155.35802;36.75818;0.00061;1.04168;52.00254722;52.00262111;-166.0148594;-166.0163919
9_8;Hadal;ICUL13452;Tanaidomorpha;Pseudotanaidae;Pseudotanais;;sp. 6;1;EBS;Epi;300 µm;52° 09,170' N;52° 09,436' N;166° 53,494' W;166° 59,011' W;6503;6487;0.01079;63.08262;34.68727;161.88395;2.55638;7.67412;155.35802;36.75818;0.00061;1.04168;52.00254722;52.00262111;-166.0148594;-166.0163919
9_8;Hadal;ICUL15905;Tanaidomorpha;Pseudotanaidae;Pseudotanais;;sp. 1;1;EBS;Epi;300 µm;52° 09,170' N;52° 09,436' N;166° 53,494' W;166° 59,011' W;6503;6487;0.01079;63.08262;34.68727;161.88395;2.55638;7.67412;155.35802;36.75818;0.00061;1.04168;52.00254722;52.00262111;-166.0148594;-166.0163919
9_8;Hadal;ICUL15904;Tanaidomorpha;Pseudotanaidae;Pseudotanais;;sp. 1;1;EBS;Epi;300 µm;52° 09,170' N;52° 09,436' N;166° 53,494' W;166° 59,011' W;6503;6487;0.01079;63.08262;34.68727;161.88395;2.55638;7.67412;155.35802;36.75818;0.00061;1.04168;52.00254722;52.00262111;-166.0148594;-166.0163919
9_8;Hadal;ICUL13455;Tanaidomorpha;Pseudotanaidae;Pseudotanais;;sp. 1;7;EBS;Epi;300 µm;52° 09,170' N;52° 09,436' N;166° 53,494' W;166° 59,011' W;6503;6487;0.01079;63.08262;34.68727;161.88395;2.55638;7.67412;155.35802;36.75818;0.00061;1.04168;52.00254722;52.00262111;-166.0148594;-166.0163919